transaction_item_id,transaction_id,product_id,quantity,price
TI0000001,T000001,P000026,3,205000
TI0000002,T000002,P000229,1,283000
TI0000003,T000002,P000143,5,224000
TI0000004,T000003,P000605,4,371000
TI0000005,T000004,P000031,1,350000
TI0000006,T000005,P000239,5,391000
TI0000007,T000005,P000518,1,354000
TI0000008,T000006,P000204,4,37000
TI0000009,T000006,P000734,2,324000
TI0000010,T000006,P000666,4,138000
TI0000011,T000006,P000719,5,148000
TI0000012,T000006,P000559,3,470000
TI0000013,T000007,P000778,2,58000
TI0000014,T000008,P000349,3,67000
TI0000015,T000008,P000285,1,332000
TI0000016,T000008,P000160,1,304000
TI0000017,T000008,P000221,4,233000
TI0000018,T000009,P000368,3,408000
TI0000019,T000010,P000271,5,463000
TI0000020,T000010,P000827,1,70000
TI0000021,T000010,P000045,4,232000
TI0000022,T000010,P000748,1,204000
TI0000023,T000010,P000471,5,486000
TI0000024,T000011,P000850,3,103000
TI0000025,T000011,P000644,5,337000
TI0000026,T000011,P000634,2,99000
TI0000027,T000012,P000047,2,302000
TI0000028,T000013,P000082,1,381000
TI0000029,T000013,P000876,4,17000
TI0000030,T000013,P000239,3,391000
TI0000031,T000014,P000651,3,489000
TI0000032,T000014,P000855,3,459000
TI0000033,T000014,P000374,2,310000
TI0000034,T000014,P000167,3,316000
TI0000035,T000015,P000624,2,329000
TI0000036,T000016,P000747,3,341000
TI0000037,T000016,P000251,5,351000
TI0000038,T000016,P000168,2,423000
TI0000039,T000016,P000474,3,258000
TI0000040,T000016,P000389,1,159000
TI0000041,T000017,P000842,3,464000
TI0000042,T000017,P000033,4,2000
TI0000043,T000018,P000068,5,42000
TI0000044,T000018,P000217,3,326000
TI0000045,T000018,P000936,2,89000
TI0000046,T000019,P000406,4,213000
TI0000047,T000019,P000906,2,44000
TI0000048,T000019,P000937,3,17000
TI0000049,T000019,P000659,2,53000
TI0000050,T000020,P000763,5,245000
TI0000051,T000020,P000575,3,479000
TI0000052,T000021,P000439,2,157000
TI0000053,T000021,P000920,2,76000
TI0000054,T000021,P000598,5,357000
TI0000055,T000021,P000409,4,406000
TI0000056,T000021,P000371,1,331000
TI0000057,T000022,P000882,1,132000
TI0000058,T000023,P000643,4,24000
TI0000059,T000023,P000164,5,175000
TI0000060,T000024,P000395,4,23000
TI0000061,T000025,P000480,1,329000
TI0000062,T000025,P000542,1,452000
TI0000063,T000025,P000258,5,124000
TI0000064,T000025,P000995,3,25000
TI0000065,T000025,P000567,3,438000
TI0000066,T000026,P000301,4,440000
TI0000067,T000027,P000465,3,498000
TI0000068,T000027,P000004,5,48000
TI0000069,T000028,P000520,1,107000
TI0000070,T000028,P000935,3,207000
TI0000071,T000029,P000624,2,329000
TI0000072,T000029,P000204,5,37000
TI0000073,T000029,P000157,5,311000
TI0000074,T000029,P000383,1,42000
TI0000075,T000029,P000781,5,280000
TI0000076,T000030,P000501,3,500000
TI0000077,T000030,P000020,3,113000
TI0000078,T000030,P000115,2,155000
TI0000079,T000031,P000247,5,401000
TI0000080,T000032,P000088,4,380000
TI0000081,T000033,P000779,5,37000
TI0000082,T000034,P000132,4,385000
TI0000083,T000034,P000676,5,252000
TI0000084,T000035,P000272,5,404000
TI0000085,T000035,P000541,4,274000
TI0000086,T000036,P000952,2,4000
TI0000087,T000036,P000553,3,480000
TI0000088,T000037,P000688,5,23000
TI0000089,T000037,P000666,4,138000
TI0000090,T000037,P000383,1,42000
TI0000091,T000037,P000449,2,391000
TI0000092,T000038,P000066,1,30000
TI0000093,T000038,P000347,5,393000
TI0000094,T000039,P000236,1,421000
TI0000095,T000039,P000603,2,131000
TI0000096,T000039,P000226,1,282000
TI0000097,T000039,P000008,1,143000
TI0000098,T000039,P000073,3,123000
TI0000099,T000040,P000527,2,179000
TI0000100,T000041,P000686,5,469000
TI0000101,T000041,P000498,2,288000
TI0000102,T000041,P000220,5,148000
TI0000103,T000042,P000485,2,67000
TI0000104,T000042,P000249,1,195000
TI0000105,T000042,P000804,1,187000
TI0000106,T000042,P000827,4,70000
TI0000107,T000042,P000417,3,324000
TI0000108,T000043,P000421,1,489000
TI0000109,T000043,P000479,1,16000
TI0000110,T000043,P000885,1,52000
TI0000111,T000043,P000747,4,341000
TI0000112,T000044,P000820,2,23000
TI0000113,T000044,P000883,2,225000
TI0000114,T000044,P000112,2,342000
TI0000115,T000045,P000460,4,103000
TI0000116,T000045,P000144,2,343000
TI0000117,T000045,P000433,1,140000
TI0000118,T000045,P000188,4,499000
TI0000119,T000045,P000286,5,333000
TI0000120,T000046,P000052,5,98000
TI0000121,T000047,P000993,1,131000
TI0000122,T000048,P000171,4,195000
TI0000123,T000048,P000417,4,324000
TI0000124,T000049,P000886,1,116000
TI0000125,T000049,P000411,2,316000
TI0000126,T000050,P000003,4,45000
TI0000127,T000050,P000400,3,271000
TI0000128,T000050,P000272,4,404000
TI0000129,T000050,P000949,5,217000
TI0000130,T000051,P000159,1,347000
TI0000131,T000051,P000195,5,61000
TI0000132,T000051,P000304,5,166000
TI0000133,T000051,P000223,1,446000
TI0000134,T000052,P000059,4,26000
TI0000135,T000052,P000052,5,98000
TI0000136,T000052,P000599,5,193000
TI0000137,T000053,P000059,5,26000
TI0000138,T000053,P000984,1,116000
TI0000139,T000054,P000071,1,42000
TI0000140,T000054,P000610,2,357000
TI0000141,T000055,P000123,2,436000
TI0000142,T000055,P000965,5,380000
TI0000143,T000055,P000912,5,76000
TI0000144,T000055,P000584,1,422000
TI0000145,T000056,P000084,5,325000
TI0000146,T000056,P000430,3,162000
TI0000147,T000056,P000674,3,165000
TI0000148,T000056,P000598,2,357000
TI0000149,T000056,P000579,3,494000
TI0000150,T000057,P000272,2,404000
TI0000151,T000057,P000406,3,213000
TI0000152,T000058,P000324,1,169000
TI0000153,T000058,P000952,1,4000
TI0000154,T000058,P000770,4,441000
TI0000155,T000058,P000959,5,255000
TI0000156,T000059,P000103,3,261000
TI0000157,T000059,P000076,2,38000
TI0000158,T000059,P000551,3,264000
TI0000159,T000059,P000219,1,440000
TI0000160,T000059,P000519,2,472000
TI0000161,T000060,P000292,5,17000
TI0000162,T000060,P000162,3,401000
TI0000163,T000060,P000449,5,391000
TI0000164,T000061,P000009,1,48000
TI0000165,T000061,P000684,2,206000
TI0000166,T000061,P000837,3,63000
TI0000167,T000061,P000568,1,106000
TI0000168,T000061,P000307,1,263000
TI0000169,T000062,P000160,3,304000
TI0000170,T000062,P000279,2,371000
TI0000171,T000062,P000289,3,233000
TI0000172,T000062,P000620,5,484000
TI0000173,T000062,P000216,4,227000
TI0000174,T000063,P000928,1,173000
TI0000175,T000063,P000930,1,154000
TI0000176,T000063,P000867,4,31000
TI0000177,T000064,P000046,2,174000
TI0000178,T000064,P000004,3,48000
TI0000179,T000064,P000342,2,213000
TI0000180,T000065,P000565,1,58000
TI0000181,T000065,P000723,1,213000
TI0000182,T000065,P000438,1,53000
TI0000183,T000065,P000575,2,479000
TI0000184,T000066,P000037,2,307000
TI0000185,T000066,P000855,4,459000
TI0000186,T000066,P000379,2,397000
TI0000187,T000066,P000597,1,483000
TI0000188,T000066,P000566,3,294000
TI0000189,T000067,P000921,1,474000
TI0000190,T000067,P000956,3,365000
TI0000191,T000067,P000816,2,178000
TI0000192,T000068,P000683,3,38000
TI0000193,T000068,P000106,5,374000
TI0000194,T000069,P000998,2,5000
TI0000195,T000069,P000636,2,236000
TI0000196,T000069,P000768,2,226000
TI0000197,T000069,P000159,4,347000
TI0000198,T000070,P000184,3,379000
TI0000199,T000071,P000822,2,259000
TI0000200,T000071,P000686,3,469000
TI0000201,T000071,P000885,2,52000
TI0000202,T000071,P000753,1,226000
TI0000203,T000072,P000894,2,136000
TI0000204,T000072,P000040,2,418000
TI0000205,T000072,P000880,4,328000
TI0000206,T000072,P000482,3,81000
TI0000207,T000073,P000841,2,463000
TI0000208,T000073,P000815,2,4000
TI0000209,T000073,P000893,1,499000
TI0000210,T000074,P000409,3,406000
TI0000211,T000074,P000337,1,215000
TI0000212,T000075,P000360,4,262000
TI0000213,T000075,P000657,5,163000
TI0000214,T000075,P000522,3,468000
TI0000215,T000076,P000119,3,338000
TI0000216,T000077,P000595,3,451000
TI0000217,T000077,P000986,1,86000
TI0000218,T000078,P000611,4,283000
TI0000219,T000079,P000747,4,341000
TI0000220,T000079,P000806,5,165000
TI0000221,T000079,P000322,5,48000
TI0000222,T000080,P000395,5,23000
TI0000223,T000081,P000261,4,280000
TI0000224,T000081,P000046,1,174000
TI0000225,T000082,P000948,2,130000
TI0000226,T000082,P000826,3,232000
TI0000227,T000082,P000552,4,49000
TI0000228,T000082,P000704,1,203000
TI0000229,T000082,P000737,3,87000
TI0000230,T000083,P000322,3,48000
TI0000231,T000083,P000680,5,225000
TI0000232,T000083,P000869,3,192000
TI0000233,T000083,P000128,4,234000
TI0000234,T000083,P000738,3,137000
TI0000235,T000084,P000714,2,123000
TI0000236,T000084,P000303,4,68000
TI0000237,T000084,P000568,4,106000
TI0000238,T000084,P000131,2,229000
TI0000239,T000085,P000583,1,369000
TI0000240,T000085,P000309,3,155000
TI0000241,T000085,P000416,3,429000
TI0000242,T000085,P000562,2,468000
TI0000243,T000085,P000854,4,14000
TI0000244,T000086,P000622,4,87000
TI0000245,T000086,P000671,2,156000
TI0000246,T000086,P000330,5,433000
TI0000247,T000086,P000477,4,24000
TI0000248,T000086,P000453,2,397000
TI0000249,T000087,P000291,5,51000
TI0000250,T000088,P000344,2,348000
TI0000251,T000088,P000096,3,92000
TI0000252,T000088,P000839,2,481000
TI0000253,T000088,P000975,2,442000
TI0000254,T000088,P000770,2,441000
TI0000255,T000089,P000048,2,31000
TI0000256,T000090,P000626,4,71000
TI0000257,T000090,P000871,4,375000
TI0000258,T000090,P000787,5,159000
TI0000259,T000090,P000075,2,5000
TI0000260,T000091,P000507,1,316000
TI0000261,T000091,P000410,1,470000
TI0000262,T000091,P000250,4,19000
TI0000263,T000091,P000152,2,27000
TI0000264,T000092,P000824,5,494000
TI0000265,T000092,P000981,4,197000
TI0000266,T000093,P000571,2,30000
TI0000267,T000094,P000468,2,394000
TI0000268,T000095,P000684,3,206000
TI0000269,T000095,P000544,4,153000
TI0000270,T000095,P000573,5,382000
TI0000271,T000095,P000610,5,357000
TI0000272,T000096,P000851,2,411000
TI0000273,T000096,P000929,4,440000
TI0000274,T000096,P000562,4,468000
TI0000275,T000096,P000457,3,364000
TI0000276,T000097,P000861,3,15000
TI0000277,T000097,P000653,5,183000
TI0000278,T000098,P000642,1,109000
TI0000279,T000098,P000245,3,52000
TI0000280,T000098,P000282,2,135000
TI0000281,T000098,P000451,3,128000
TI0000282,T000099,P000328,1,115000
TI0000283,T000099,P000915,2,76000
TI0000284,T000099,P000554,2,121000
TI0000285,T000100,P000393,2,306000
TI0000286,T000100,P000711,2,59000
TI0000287,T000101,P000425,4,322000
TI0000288,T000102,P000556,1,335000
TI0000289,T000102,P000478,2,108000
TI0000290,T000102,P000426,4,23000
TI0000291,T000103,P000927,1,382000
TI0000292,T000103,P000789,5,391000
TI0000293,T000103,P000599,4,193000
TI0000294,T000103,P000969,4,436000
TI0000295,T000104,P000966,3,461000
TI0000296,T000105,P000772,4,494000
TI0000297,T000105,P000400,5,271000
TI0000298,T000105,P000874,5,158000
TI0000299,T000106,P000920,4,76000
TI0000300,T000106,P000226,4,282000
TI0000301,T000106,P000500,1,144000
TI0000302,T000106,P000225,4,321000
TI0000303,T000106,P000280,3,47000
TI0000304,T000107,P000742,2,296000
TI0000305,T000107,P000170,5,125000
TI0000306,T000107,P000861,5,15000
TI0000307,T000107,P000479,1,16000
TI0000308,T000108,P000607,1,97000
TI0000309,T000108,P000578,4,446000
TI0000310,T000108,P000679,2,394000
TI0000311,T000108,P000028,4,322000
TI0000312,T000109,P000052,4,98000
TI0000313,T000109,P000267,3,399000
TI0000314,T000110,P000466,3,239000
TI0000315,T000110,P000335,4,206000
TI0000316,T000111,P000771,4,386000
TI0000317,T000111,P000975,3,442000
TI0000318,T000111,P000852,1,246000
TI0000319,T000112,P000020,3,113000
TI0000320,T000112,P000768,2,226000
TI0000321,T000112,P000553,1,480000
TI0000322,T000112,P000054,1,345000
TI0000323,T000113,P000973,2,446000
TI0000324,T000114,P000860,5,122000
TI0000325,T000114,P000021,2,421000
TI0000326,T000115,P000130,1,418000
TI0000327,T000115,P000485,5,67000
TI0000328,T000116,P000477,3,24000
TI0000329,T000116,P000717,3,96000
TI0000330,T000117,P000621,1,495000
TI0000331,T000117,P000622,2,87000
TI0000332,T000118,P000111,3,340000
TI0000333,T000118,P000593,5,449000
TI0000334,T000118,P000027,4,253000
TI0000335,T000119,P000965,5,380000
TI0000336,T000119,P000733,2,108000
TI0000337,T000119,P000204,1,37000
TI0000338,T000119,P000078,3,146000
TI0000339,T000120,P000825,1,436000
TI0000340,T000120,P000124,3,295000
TI0000341,T000120,P000816,5,178000
TI0000342,T000120,P000580,4,441000
TI0000343,T000120,P000802,3,117000
TI0000344,T000121,P000519,3,472000
TI0000345,T000122,P000870,4,173000
TI0000346,T000123,P000109,4,474000
TI0000347,T000123,P000444,2,488000
TI0000348,T000123,P000984,4,116000
TI0000349,T000123,P000371,2,331000
TI0000350,T000124,P000989,5,184000
TI0000351,T000124,P000667,4,33000
TI0000352,T000124,P000277,4,496000
TI0000353,T000124,P000631,4,272000
TI0000354,T000124,P000828,5,85000
TI0000355,T000125,P000331,1,330000
TI0000356,T000125,P000873,3,115000
TI0000357,T000125,P000252,4,51000
TI0000358,T000126,P000769,5,471000
TI0000359,T000126,P000476,5,432000
TI0000360,T000127,P000345,3,158000
TI0000361,T000127,P000030,2,129000
TI0000362,T000127,P000507,4,316000
TI0000363,T000127,P000872,2,163000
TI0000364,T000128,P000817,3,389000
TI0000365,T000128,P000265,5,295000
TI0000366,T000128,P000349,3,67000
TI0000367,T000129,P000011,2,64000
TI0000368,T000129,P000530,4,148000
TI0000369,T000129,P000971,4,456000
TI0000370,T000129,P000196,5,405000
TI0000371,T000129,P000088,2,380000
TI0000372,T000130,P000662,1,48000
TI0000373,T000130,P000729,1,390000
TI0000374,T000130,P000503,3,261000
TI0000375,T000130,P000459,2,407000
TI0000376,T000131,P000709,5,442000
TI0000377,T000131,P000250,3,19000
TI0000378,T000131,P000314,4,365000
TI0000379,T000131,P000680,5,225000
TI0000380,T000132,P000353,3,294000
TI0000381,T000132,P000436,4,137000
TI0000382,T000132,P000764,3,375000
TI0000383,T000132,P000564,3,229000
TI0000384,T000132,P000339,3,44000
TI0000385,T000133,P000124,2,295000
TI0000386,T000133,P000739,3,471000
TI0000387,T000134,P000761,5,266000
TI0000388,T000135,P000197,4,231000
TI0000389,T000135,P000222,3,60000
TI0000390,T000136,P000779,2,37000
TI0000391,T000136,P000538,3,479000
TI0000392,T000136,P000612,2,274000
TI0000393,T000136,P000290,3,381000
TI0000394,T000136,P000103,2,261000
TI0000395,T000137,P000015,2,195000
TI0000396,T000137,P000726,3,87000
TI0000397,T000137,P000547,1,99000
TI0000398,T000138,P000567,3,438000
TI0000399,T000139,P000654,4,349000
TI0000400,T000139,P000890,1,305000
TI0000401,T000140,P000588,3,18000
TI0000402,T000141,P000491,1,256000
TI0000403,T000141,P000452,3,266000
TI0000404,T000141,P000349,4,67000
TI0000405,T000141,P000189,1,327000
TI0000406,T000142,P000411,4,316000
TI0000407,T000143,P000591,1,258000
TI0000408,T000144,P000153,5,400000
TI0000409,T000144,P000831,3,81000
TI0000410,T000145,P000255,1,221000
TI0000411,T000146,P000783,5,111000
TI0000412,T000146,P000427,2,90000
TI0000413,T000146,P000621,5,495000
TI0000414,T000146,P000611,4,283000
TI0000415,T000146,P000810,4,450000
TI0000416,T000147,P000305,3,65000
TI0000417,T000147,P000881,5,136000
TI0000418,T000147,P000603,5,131000
TI0000419,T000147,P000440,1,354000
TI0000420,T000148,P000984,2,116000
TI0000421,T000148,P000758,2,372000
TI0000422,T000148,P000102,3,443000
TI0000423,T000148,P000971,1,456000
TI0000424,T000148,P000782,2,9000
TI0000425,T000149,P000178,1,208000
TI0000426,T000149,P000566,2,294000
TI0000427,T000150,P000419,4,124000
TI0000428,T000151,P000482,3,81000
TI0000429,T000151,P000299,4,107000
TI0000430,T000151,P000034,1,260000
TI0000431,T000151,P000238,2,276000
TI0000432,T000151,P000296,3,47000
TI0000433,T000152,P000678,1,103000
TI0000434,T000152,P000824,5,494000
TI0000435,T000152,P000957,2,265000
TI0000436,T000152,P000203,2,17000
TI0000437,T000152,P000436,3,137000
TI0000438,T000153,P000074,2,331000
TI0000439,T000153,P000062,3,195000
TI0000440,T000154,P000767,4,289000
TI0000441,T000154,P000845,1,89000
TI0000442,T000154,P000583,4,369000
TI0000443,T000154,P000944,3,439000
TI0000444,T000154,P000296,4,47000
TI0000445,T000155,P000513,4,117000
TI0000446,T000155,P000553,1,480000
TI0000447,T000155,P000506,5,168000
TI0000448,T000156,P000911,4,293000
TI0000449,T000157,P000619,1,292000
TI0000450,T000157,P000257,2,41000
TI0000451,T000157,P000027,5,253000
TI0000452,T000158,P000974,3,210000
TI0000453,T000158,P000022,5,34000
TI0000454,T000158,P000784,1,147000
TI0000455,T000158,P000689,2,205000
TI0000456,T000158,P000842,4,464000
TI0000457,T000159,P000668,5,154000
TI0000458,T000159,P000453,4,397000
TI0000459,T000159,P000939,4,326000
TI0000460,T000159,P000285,1,332000
TI0000461,T000159,P000186,4,117000
TI0000462,T000160,P000419,1,124000
TI0000463,T000160,P000342,2,213000
TI0000464,T000160,P000329,3,59000
TI0000465,T000161,P000711,4,59000
TI0000466,T000161,P000508,5,260000
TI0000467,T000161,P000296,1,47000
TI0000468,T000161,P000679,4,394000
TI0000469,T000162,P000323,3,285000
TI0000470,T000163,P000119,4,338000
TI0000471,T000163,P000994,5,25000
TI0000472,T000163,P000792,1,312000
TI0000473,T000164,P000474,3,258000
TI0000474,T000164,P000424,5,183000
TI0000475,T000164,P000056,4,99000
TI0000476,T000164,P000193,4,296000
TI0000477,T000164,P000531,1,336000
TI0000478,T000165,P000274,2,383000
TI0000479,T000165,P000563,3,391000
TI0000480,T000166,P000902,1,279000
TI0000481,T000166,P000716,5,306000
TI0000482,T000166,P000497,2,188000
TI0000483,T000166,P000125,2,125000
TI0000484,T000167,P000565,4,58000
TI0000485,T000167,P000015,1,195000
TI0000486,T000167,P000566,2,294000
TI0000487,T000168,P000473,1,321000
TI0000488,T000169,P000511,3,408000
TI0000489,T000169,P000956,5,365000
TI0000490,T000170,P000426,4,23000
TI0000491,T000170,P000855,2,459000
TI0000492,T000170,P000495,4,241000
TI0000493,T000171,P000149,5,195000
TI0000494,T000171,P000393,2,306000
TI0000495,T000171,P000196,1,405000
TI0000496,T000171,P000944,3,439000
TI0000497,T000171,P000614,4,412000
TI0000498,T000172,P000957,3,265000
TI0000499,T000172,P000807,1,423000
TI0000500,T000172,P000520,3,107000
TI0000501,T000173,P000858,4,418000
TI0000502,T000173,P000602,2,286000
TI0000503,T000173,P000594,4,154000
TI0000504,T000174,P000496,5,221000
TI0000505,T000174,P000354,4,59000
TI0000506,T000174,P000341,4,339000
TI0000507,T000174,P000566,3,294000
TI0000508,T000174,P000782,2,9000
TI0000509,T000175,P000586,2,415000
TI0000510,T000175,P000393,4,306000
TI0000511,T000176,P000326,4,308000
TI0000512,T000177,P000396,2,497000
TI0000513,T000177,P000680,4,225000
TI0000514,T000177,P000812,1,103000
TI0000515,T000177,P000841,2,463000
TI0000516,T000178,P000989,4,184000
TI0000517,T000178,P000605,1,371000
TI0000518,T000178,P000340,5,26000
TI0000519,T000178,P000891,4,483000
TI0000520,T000178,P000103,1,261000
TI0000521,T000179,P000420,2,343000
TI0000522,T000179,P000892,1,81000
TI0000523,T000180,P000801,5,131000
TI0000524,T000180,P000993,4,131000
TI0000525,T000180,P000272,1,404000
TI0000526,T000180,P000347,3,393000
TI0000527,T000181,P000390,4,99000
TI0000528,T000181,P000978,5,390000
TI0000529,T000181,P000325,1,448000
TI0000530,T000181,P000642,5,109000
TI0000531,T000181,P000736,1,180000
TI0000532,T000182,P000647,3,124000
TI0000533,T000182,P000701,2,283000
TI0000534,T000183,P000445,1,401000
TI0000535,T000184,P000455,2,70000
TI0000536,T000185,P000926,3,20000
TI0000537,T000185,P000030,1,129000
TI0000538,T000185,P000048,3,31000
TI0000539,T000186,P000384,2,496000
TI0000540,T000186,P000442,5,328000
TI0000541,T000186,P000150,4,173000
TI0000542,T000187,P000699,1,12000
TI0000543,T000187,P000812,5,103000
TI0000544,T000187,P000185,4,306000
TI0000545,T000187,P000175,5,369000
TI0000546,T000187,P000180,2,177000
TI0000547,T000188,P000935,4,207000
TI0000548,T000188,P000598,3,357000
TI0000549,T000188,P000147,4,14000
TI0000550,T000188,P000238,3,276000
TI0000551,T000189,P000921,4,474000
TI0000552,T000190,P000694,1,248000
TI0000553,T000190,P000560,4,113000
TI0000554,T000190,P000162,3,401000
TI0000555,T000191,P000307,3,263000
TI0000556,T000191,P000655,4,152000
TI0000557,T000191,P000986,3,86000
TI0000558,T000191,P000435,2,255000
TI0000559,T000191,P000707,4,410000
TI0000560,T000192,P000110,3,36000
TI0000561,T000192,P000243,5,78000
TI0000562,T000192,P000391,3,152000
TI0000563,T000192,P000586,3,415000
TI0000564,T000193,P000850,4,103000
TI0000565,T000194,P000009,1,48000
TI0000566,T000194,P000580,5,441000
TI0000567,T000194,P000886,4,116000
TI0000568,T000195,P000795,5,268000
TI0000569,T000195,P000819,3,493000
TI0000570,T000195,P000236,2,421000
TI0000571,T000196,P000636,2,236000
TI0000572,T000196,P000257,1,41000
TI0000573,T000197,P000317,4,450000
TI0000574,T000198,P000594,3,154000
TI0000575,T000199,P000093,3,128000
TI0000576,T000199,P000932,3,97000
TI0000577,T000200,P000180,5,177000
TI0000578,T000200,P000206,3,279000
TI0000579,T000200,P000136,5,78000
TI0000580,T000200,P000806,5,165000
TI0000581,T000201,P000851,4,411000
TI0000582,T000201,P000169,3,437000
TI0000583,T000201,P000264,3,55000
TI0000584,T000202,P000480,1,329000
TI0000585,T000203,P000773,2,142000
TI0000586,T000203,P000990,4,117000
TI0000587,T000204,P000375,3,231000
TI0000588,T000204,P000093,5,128000
TI0000589,T000204,P000810,1,450000
TI0000590,T000204,P000405,4,47000
TI0000591,T000204,P000015,3,195000
TI0000592,T000205,P000599,3,193000
TI0000593,T000205,P000391,1,152000
TI0000594,T000205,P000843,2,26000
TI0000595,T000206,P000026,5,205000
TI0000596,T000206,P000635,3,137000
TI0000597,T000206,P000906,5,44000
TI0000598,T000206,P000966,2,461000
TI0000599,T000207,P000651,4,489000
TI0000600,T000208,P000665,2,87000
TI0000601,T000208,P000419,1,124000
TI0000602,T000208,P000120,1,325000
TI0000603,T000209,P000505,2,234000
TI0000604,T000209,P000119,5,338000
TI0000605,T000209,P000100,2,180000
TI0000606,T000210,P000465,5,498000
TI0000607,T000210,P000380,4,332000
TI0000608,T000210,P000687,5,341000
TI0000609,T000210,P000973,2,446000
TI0000610,T000211,P000671,5,156000
TI0000611,T000211,P000102,4,443000
TI0000612,T000211,P000854,3,14000
TI0000613,T000211,P000502,1,286000
TI0000614,T000212,P000223,2,446000
TI0000615,T000212,P000455,3,70000
TI0000616,T000212,P000456,1,45000
TI0000617,T000213,P000558,3,352000
TI0000618,T000213,P000924,1,243000
TI0000619,T000213,P000661,4,53000
TI0000620,T000214,P000195,4,61000
TI0000621,T000214,P000992,1,365000
TI0000622,T000214,P000126,2,399000
TI0000623,T000215,P000995,2,25000
TI0000624,T000215,P000022,2,34000
TI0000625,T000215,P000052,5,98000
TI0000626,T000215,P000806,2,165000
TI0000627,T000215,P000342,1,213000
TI0000628,T000216,P000213,2,47000
TI0000629,T000216,P000601,3,469000
TI0000630,T000216,P000222,2,60000
TI0000631,T000216,P000833,5,496000
TI0000632,T000216,P000891,1,483000
TI0000633,T000217,P000880,5,328000
TI0000634,T000217,P000149,3,195000
TI0000635,T000217,P000134,2,40000
TI0000636,T000218,P000677,1,144000
TI0000637,T000219,P000016,2,84000
TI0000638,T000219,P000367,5,35000
TI0000639,T000220,P000017,1,137000
TI0000640,T000220,P000179,2,298000
TI0000641,T000220,P000272,4,404000
TI0000642,T000221,P000117,3,336000
TI0000643,T000221,P000764,5,375000
TI0000644,T000221,P000066,5,30000
TI0000645,T000221,P000488,1,149000
TI0000646,T000221,P000460,4,103000
TI0000647,T000222,P000227,5,63000
TI0000648,T000222,P000969,3,436000
TI0000649,T000222,P000630,4,273000
TI0000650,T000222,P000045,1,232000
TI0000651,T000222,P000745,1,487000
TI0000652,T000223,P000868,1,397000
TI0000653,T000223,P000412,4,111000
TI0000654,T000223,P000437,4,309000
TI0000655,T000223,P000703,1,95000
TI0000656,T000224,P000330,5,433000
TI0000657,T000225,P000068,3,42000
TI0000658,T000225,P000130,5,418000
TI0000659,T000226,P000562,5,468000
TI0000660,T000226,P000730,3,218000
TI0000661,T000226,P000333,4,140000
TI0000662,T000226,P000391,5,152000
TI0000663,T000226,P000612,5,274000
TI0000664,T000227,P000102,5,443000
TI0000665,T000227,P000813,2,125000
TI0000666,T000227,P000719,4,148000
TI0000667,T000227,P000118,4,346000
TI0000668,T000228,P000424,4,183000
TI0000669,T000228,P000348,4,62000
TI0000670,T000229,P000748,3,204000
TI0000671,T000229,P000098,3,404000
TI0000672,T000229,P000321,3,352000
TI0000673,T000229,P000438,2,53000
TI0000674,T000230,P000069,1,346000
TI0000675,T000230,P000094,4,453000
TI0000676,T000230,P000852,1,246000
TI0000677,T000230,P000088,3,380000
TI0000678,T000231,P000570,5,68000
TI0000679,T000231,P000062,5,195000
TI0000680,T000232,P000338,4,160000
TI0000681,T000232,P000687,1,341000
TI0000682,T000232,P000126,3,399000
TI0000683,T000232,P000421,5,489000
TI0000684,T000232,P000363,3,390000
TI0000685,T000233,P000107,2,60000
TI0000686,T000233,P000592,2,296000
TI0000687,T000233,P000520,4,107000
TI0000688,T000234,P000868,3,397000
TI0000689,T000234,P000111,5,340000
TI0000690,T000235,P000118,5,346000
TI0000691,T000235,P000781,2,280000
TI0000692,T000235,P000286,4,333000
TI0000693,T000236,P000998,5,5000
TI0000694,T000236,P000786,1,276000
TI0000695,T000236,P000839,5,481000
TI0000696,T000236,P000637,3,351000
TI0000697,T000236,P000629,1,468000
TI0000698,T000237,P000280,3,47000
TI0000699,T000237,P000720,3,318000
TI0000700,T000238,P000007,2,415000
TI0000701,T000238,P000186,5,117000
TI0000702,T000238,P000891,4,483000
TI0000703,T000239,P000146,1,465000
TI0000704,T000240,P000765,5,452000
TI0000705,T000241,P000386,4,330000
TI0000706,T000241,P000430,3,162000
TI0000707,T000242,P000379,3,397000
TI0000708,T000242,P000320,5,161000
TI0000709,T000243,P000087,5,395000
TI0000710,T000243,P000905,1,289000
TI0000711,T000243,P000054,1,345000
TI0000712,T000243,P000160,3,304000
TI0000713,T000243,P000162,4,401000
TI0000714,T000244,P000498,3,288000
TI0000715,T000244,P000622,2,87000
TI0000716,T000244,P000453,5,397000
TI0000717,T000244,P000425,1,322000
TI0000718,T000245,P000441,5,373000
TI0000719,T000245,P000114,4,482000
TI0000720,T000245,P000291,5,51000
TI0000721,T000246,P000047,5,302000
TI0000722,T000246,P000226,1,282000
TI0000723,T000246,P000405,1,47000
TI0000724,T000247,P000309,2,155000
TI0000725,T000247,P000969,2,436000
TI0000726,T000248,P000297,1,306000
TI0000727,T000248,P000336,4,47000
TI0000728,T000248,P000123,4,436000
TI0000729,T000249,P000133,5,249000
TI0000730,T000249,P000390,2,99000
TI0000731,T000250,P000573,1,382000
TI0000732,T000250,P000854,4,14000
TI0000733,T000250,P000685,1,19000
TI0000734,T000250,P000826,4,232000
TI0000735,T000250,P000363,1,390000
TI0000736,T000251,P000944,5,439000
TI0000737,T000251,P000080,4,419000
TI0000738,T000251,P000883,5,225000
TI0000739,T000251,P000321,4,352000
TI0000740,T000252,P000297,3,306000
TI0000741,T000252,P000118,2,346000
TI0000742,T000252,P000415,5,407000
TI0000743,T000252,P000022,4,34000
TI0000744,T000253,P000091,1,221000
TI0000745,T000253,P000448,2,348000
TI0000746,T000253,P000865,4,270000
TI0000747,T000254,P000411,3,316000
TI0000748,T000254,P000537,3,3000
TI0000749,T000254,P000081,2,481000
TI0000750,T000254,P000406,3,213000
TI0000751,T000254,P000892,2,81000
TI0000752,T000255,P000523,1,347000
TI0000753,T000256,P000523,3,347000
TI0000754,T000256,P000199,2,492000
TI0000755,T000256,P000928,2,173000
TI0000756,T000256,P000795,1,268000
TI0000757,T000256,P000358,2,382000
TI0000758,T000257,P000203,2,17000
TI0000759,T000257,P000178,1,208000
TI0000760,T000257,P000617,2,284000
TI0000761,T000258,P000476,5,432000
TI0000762,T000258,P000773,4,142000
TI0000763,T000258,P000578,5,446000
TI0000764,T000258,P000779,5,37000
TI0000765,T000259,P000885,3,52000
TI0000766,T000259,P000995,2,25000
TI0000767,T000259,P000643,4,24000
TI0000768,T000260,P000481,4,208000
TI0000769,T000261,P000816,1,178000
TI0000770,T000261,P000282,3,135000
TI0000771,T000261,P000606,5,345000
TI0000772,T000262,P000318,4,455000
TI0000773,T000263,P000039,3,124000
TI0000774,T000263,P000059,1,26000
TI0000775,T000263,P000378,1,187000
TI0000776,T000263,P000852,5,246000
TI0000777,T000264,P000520,1,107000
TI0000778,T000264,P000394,4,426000
TI0000779,T000264,P000474,5,258000
TI0000780,T000264,P000595,2,451000
TI0000781,T000264,P000568,3,106000
TI0000782,T000265,P000488,4,149000
TI0000783,T000265,P000514,1,88000
TI0000784,T000265,P000155,3,65000
TI0000785,T000265,P000981,1,197000
TI0000786,T000265,P000064,5,80000
TI0000787,T000266,P000041,4,338000
TI0000788,T000266,P000254,4,408000
TI0000789,T000267,P000536,3,368000
TI0000790,T000267,P000625,4,484000
TI0000791,T000267,P000163,4,339000
TI0000792,T000267,P000373,3,231000
TI0000793,T000267,P000382,5,371000
TI0000794,T000268,P000809,3,412000
TI0000795,T000269,P000338,1,160000
TI0000796,T000270,P000695,5,60000
TI0000797,T000270,P000396,2,497000
TI0000798,T000270,P000291,3,51000
TI0000799,T000270,P000259,1,237000
TI0000800,T000270,P000742,5,296000
TI0000801,T000271,P000939,3,326000
TI0000802,T000271,P000359,4,40000
TI0000803,T000272,P000610,1,357000
TI0000804,T000272,P000726,3,87000
TI0000805,T000273,P000386,2,330000
TI0000806,T000273,P000659,5,53000
TI0000807,T000273,P000811,1,45000
TI0000808,T000273,P000337,4,215000
TI0000809,T000273,P000833,5,496000
TI0000810,T000274,P000019,2,237000
TI0000811,T000274,P000372,2,197000
TI0000812,T000274,P000317,3,450000
TI0000813,T000275,P000197,1,231000
TI0000814,T000275,P000232,3,213000
TI0000815,T000275,P000141,1,437000
TI0000816,T000275,P000159,5,347000
TI0000817,T000276,P000856,3,184000
TI0000818,T000276,P000757,5,85000
TI0000819,T000276,P000905,2,289000
TI0000820,T000276,P000540,5,31000
TI0000821,T000276,P000039,4,124000
TI0000822,T000277,P000167,5,316000
TI0000823,T000277,P000186,2,117000
TI0000824,T000278,P000045,2,232000
TI0000825,T000278,P000421,4,489000
TI0000826,T000278,P000374,5,310000
TI0000827,T000278,P000693,3,354000
TI0000828,T000279,P000240,4,446000
TI0000829,T000279,P000547,2,99000
TI0000830,T000279,P000245,3,52000
TI0000831,T000279,P000317,5,450000
TI0000832,T000280,P000473,4,321000
TI0000833,T000280,P000788,5,275000
TI0000834,T000280,P000289,5,233000
TI0000835,T000280,P000797,4,172000
TI0000836,T000281,P000837,5,63000
TI0000837,T000281,P000205,2,302000
TI0000838,T000282,P000054,3,345000
TI0000839,T000282,P000657,5,163000
TI0000840,T000282,P000493,1,111000
TI0000841,T000283,P000872,2,163000
TI0000842,T000283,P000128,3,234000
TI0000843,T000283,P000292,4,17000
TI0000844,T000283,P000086,5,425000
TI0000845,T000283,P000782,2,9000
TI0000846,T000284,P000094,4,453000
TI0000847,T000284,P000970,3,299000
TI0000848,T000284,P000933,1,389000
TI0000849,T000284,P000228,4,364000
TI0000850,T000285,P000406,5,213000
TI0000851,T000286,P000242,3,362000
TI0000852,T000286,P000396,2,497000
TI0000853,T000286,P000084,1,325000
TI0000854,T000287,P000954,3,56000
TI0000855,T000287,P000102,2,443000
TI0000856,T000287,P000860,2,122000
TI0000857,T000288,P000294,4,189000
TI0000858,T000289,P000778,4,58000
TI0000859,T000289,P000723,4,213000
TI0000860,T000290,P000006,2,215000
TI0000861,T000290,P000928,2,173000
TI0000862,T000290,P000082,5,381000
TI0000863,T000290,P000020,5,113000
TI0000864,T000290,P000263,5,234000
TI0000865,T000291,P000114,3,482000
TI0000866,T000291,P000795,1,268000
TI0000867,T000291,P000296,1,47000
TI0000868,T000291,P000244,2,495000
TI0000869,T000292,P000655,1,152000
TI0000870,T000292,P000813,1,125000
TI0000871,T000292,P000638,4,48000
TI0000872,T000292,P000469,5,426000
TI0000873,T000293,P000017,2,137000
TI0000874,T000293,P000648,3,170000
TI0000875,T000293,P000528,4,294000
TI0000876,T000293,P000589,1,126000
TI0000877,T000293,P000248,5,333000
TI0000878,T000294,P000247,2,401000
TI0000879,T000294,P000585,1,80000
TI0000880,T000294,P000427,5,90000
TI0000881,T000295,P000070,5,127000
TI0000882,T000295,P000977,5,30000
TI0000883,T000295,P000539,5,388000
TI0000884,T000296,P000021,4,421000
TI0000885,T000296,P000400,3,271000
TI0000886,T000296,P000895,3,50000
TI0000887,T000296,P000482,1,81000
TI0000888,T000296,P000045,3,232000
TI0000889,T000297,P000354,2,59000
TI0000890,T000298,P000791,5,45000
TI0000891,T000299,P000137,5,33000
TI0000892,T000299,P000046,3,174000
TI0000893,T000299,P000361,2,418000
TI0000894,T000300,P000713,2,44000
TI0000895,T000300,P000491,1,256000
TI0000896,T000300,P000647,4,124000
TI0000897,T000300,P000187,1,363000
TI0000898,T000301,P000207,2,424000
TI0000899,T000301,P000045,1,232000
TI0000900,T000301,P000811,3,45000
TI0000901,T000302,P000528,5,294000
TI0000902,T000302,P000408,4,15000
TI0000903,T000302,P000835,3,488000
TI0000904,T000303,P000772,2,494000
TI0000905,T000304,P000366,1,166000
TI0000906,T000304,P000883,3,225000
TI0000907,T000304,P000800,3,256000
TI0000908,T000305,P000819,3,493000
TI0000909,T000306,P000911,4,293000
TI0000910,T000306,P000410,3,470000
TI0000911,T000306,P000762,2,357000
TI0000912,T000306,P000451,4,128000
TI0000913,T000307,P000377,3,225000
TI0000914,T000307,P000947,1,332000
TI0000915,T000307,P000817,4,389000
TI0000916,T000307,P000532,1,424000
TI0000917,T000308,P000617,3,284000
TI0000918,T000308,P000843,3,26000
TI0000919,T000308,P000185,1,306000
TI0000920,T000308,P000559,1,470000
TI0000921,T000309,P000677,4,144000
TI0000922,T000309,P000303,5,68000
TI0000923,T000309,P000314,4,365000
TI0000924,T000310,P000707,3,410000
TI0000925,T000310,P000455,4,70000
TI0000926,T000311,P000745,3,487000
TI0000927,T000312,P000446,1,121000
TI0000928,T000312,P000282,1,135000
TI0000929,T000312,P000655,4,152000
TI0000930,T000312,P000811,3,45000
TI0000931,T000312,P000971,5,456000
TI0000932,T000313,P000976,2,171000
TI0000933,T000313,P000032,5,58000
TI0000934,T000314,P000036,3,391000
TI0000935,T000314,P000130,3,418000
TI0000936,T000314,P000069,4,346000
TI0000937,T000314,P000242,5,362000
TI0000938,T000315,P000620,2,484000
TI0000939,T000316,P000972,1,196000
TI0000940,T000316,P000380,5,332000
TI0000941,T000316,P000381,2,286000
TI0000942,T000316,P000455,5,70000
TI0000943,T000317,P000408,3,15000
TI0000944,T000317,P000322,2,48000
TI0000945,T000317,P000666,1,138000
TI0000946,T000318,P000754,2,353000
TI0000947,T000319,P000531,1,336000
TI0000948,T000319,P000397,3,120000
TI0000949,T000319,P000936,3,89000
TI0000950,T000319,P000576,4,210000
TI0000951,T000320,P000627,4,5000
TI0000952,T000320,P000293,2,228000
TI0000953,T000321,P000139,1,200000
TI0000954,T000322,P000177,1,406000
TI0000955,T000322,P000921,3,474000
TI0000956,T000322,P000731,3,448000
TI0000957,T000322,P000456,1,45000
TI0000958,T000323,P000556,2,335000
TI0000959,T000323,P000298,2,65000
TI0000960,T000323,P000913,3,498000
TI0000961,T000323,P000308,5,114000
TI0000962,T000323,P000872,2,163000
TI0000963,T000324,P000206,2,279000
TI0000964,T000325,P000810,1,450000
TI0000965,T000325,P000506,3,168000
TI0000966,T000326,P000587,2,124000
TI0000967,T000326,P000378,5,187000
TI0000968,T000326,P000479,1,16000
TI0000969,T000326,P000823,1,304000
TI0000970,T000326,P000565,3,58000
TI0000971,T000327,P000735,4,402000
TI0000972,T000327,P000737,4,87000
TI0000973,T000327,P000491,5,256000
TI0000974,T000327,P000539,1,388000
TI0000975,T000328,P000996,1,195000
TI0000976,T000328,P000325,4,448000
TI0000977,T000329,P000697,5,179000
TI0000978,T000329,P000530,5,148000
TI0000979,T000329,P000353,2,294000
TI0000980,T000329,P000132,2,385000
TI0000981,T000330,P000515,1,76000
TI0000982,T000330,P000933,5,389000
TI0000983,T000330,P000890,2,305000
TI0000984,T000330,P000057,3,217000
TI0000985,T000331,P000166,2,223000
TI0000986,T000331,P000331,3,330000
TI0000987,T000332,P000917,2,167000
TI0000988,T000332,P000291,5,51000
TI0000989,T000332,P000867,3,31000
TI0000990,T000332,P000081,2,481000
TI0000991,T000332,P000257,3,41000
TI0000992,T000333,P000547,5,99000
TI0000993,T000333,P000096,5,92000
TI0000994,T000333,P000515,2,76000
TI0000995,T000333,P000657,2,163000
TI0000996,T000333,P000173,5,175000
TI0000997,T000334,P000346,1,29000
TI0000998,T000334,P000863,1,159000
TI0000999,T000334,P000947,1,332000
TI0001000,T000334,P000578,5,446000
TI0001001,T000334,P000043,3,387000
TI0001002,T000335,P000786,4,276000
TI0001003,T000335,P000586,5,415000
TI0001004,T000336,P000510,5,345000
TI0001005,T000337,P000658,4,483000
TI0001006,T000337,P000980,2,325000
TI0001007,T000337,P000310,4,246000
TI0001008,T000338,P000465,1,498000
TI0001009,T000338,P000075,2,5000
TI0001010,T000338,P000706,4,106000
TI0001011,T000339,P000496,5,221000
TI0001012,T000339,P000476,2,432000
TI0001013,T000339,P000209,3,225000
TI0001014,T000339,P000349,3,67000
TI0001015,T000340,P000999,3,340000
TI0001016,T000340,P000409,5,406000
TI0001017,T000340,P000134,5,40000
TI0001018,T000341,P000327,2,260000
TI0001019,T000342,P000126,2,399000
TI0001020,T000342,P000274,1,383000
TI0001021,T000342,P000461,1,185000
TI0001022,T000342,P000254,3,408000
TI0001023,T000343,P000885,2,52000
TI0001024,T000343,P000631,3,272000
TI0001025,T000343,P000429,5,151000
TI0001026,T000343,P000255,3,221000
TI0001027,T000344,P000782,4,9000
TI0001028,T000344,P000164,5,175000
TI0001029,T000345,P000511,1,408000
TI0001030,T000345,P000901,1,242000
TI0001031,T000345,P000316,4,51000
TI0001032,T000345,P000510,5,345000
TI0001033,T000346,P000990,3,117000
TI0001034,T000346,P000247,1,401000
TI0001035,T000346,P000221,1,233000
TI0001036,T000346,P000598,3,357000
TI0001037,T000347,P000612,4,274000
TI0001038,T000347,P000904,3,226000
TI0001039,T000347,P000864,5,29000
TI0001040,T000347,P000670,1,316000
TI0001041,T000348,P000442,2,328000
TI0001042,T000349,P000745,4,487000
TI0001043,T000349,P000375,3,231000
TI0001044,T000349,P000783,1,111000
TI0001045,T000350,P000053,3,182000
TI0001046,T000350,P000584,5,422000
TI0001047,T000350,P000576,3,210000
TI0001048,T000350,P000200,1,109000
TI0001049,T000351,P000517,3,226000
TI0001050,T000351,P000462,5,412000
TI0001051,T000351,P000783,5,111000
TI0001052,T000351,P000564,1,229000
TI0001053,T000352,P000999,4,340000
TI0001054,T000352,P000100,3,180000
TI0001055,T000353,P000572,2,371000
TI0001056,T000353,P000962,2,274000
TI0001057,T000353,P000375,5,231000
TI0001058,T000354,P000412,2,111000
TI0001059,T000354,P000513,3,117000
TI0001060,T000354,P000042,4,271000
TI0001061,T000354,P000047,5,302000
TI0001062,T000354,P000040,4,418000
TI0001063,T000355,P000621,5,495000
TI0001064,T000355,P000915,2,76000
TI0001065,T000356,P000954,2,56000
TI0001066,T000356,P000628,4,31000
TI0001067,T000356,P000327,5,260000
TI0001068,T000357,P000608,5,107000
TI0001069,T000357,P000345,5,158000
TI0001070,T000357,P000520,4,107000
TI0001071,T000358,P000307,3,263000
TI0001072,T000358,P000487,1,231000
TI0001073,T000358,P000836,4,128000
TI0001074,T000358,P000018,5,326000
TI0001075,T000358,P000378,3,187000
TI0001076,T000359,P000612,4,274000
TI0001077,T000360,P000991,5,302000
TI0001078,T000360,P000672,5,195000
TI0001079,T000360,P000802,2,117000
TI0001080,T000361,P000598,4,357000
TI0001081,T000362,P000537,5,3000
TI0001082,T000362,P000645,4,493000
TI0001083,T000363,P000842,2,464000
TI0001084,T000363,P000698,1,164000
TI0001085,T000364,P000971,4,456000
TI0001086,T000364,P000718,3,477000
TI0001087,T000364,P000113,4,284000
TI0001088,T000364,P000196,2,405000
TI0001089,T000364,P000020,4,113000
TI0001090,T000365,P000421,5,489000
TI0001091,T000365,P000514,4,88000
TI0001092,T000366,P000723,2,213000
TI0001093,T000367,P000213,5,47000
TI0001094,T000367,P000575,4,479000
TI0001095,T000367,P000333,3,140000
TI0001096,T000367,P000679,2,394000
TI0001097,T000367,P000490,4,98000
TI0001098,T000368,P000351,3,442000
TI0001099,T000368,P000560,5,113000
TI0001100,T000368,P000363,4,390000
TI0001101,T000368,P000693,2,354000
TI0001102,T000368,P000791,2,45000
TI0001103,T000369,P000572,3,371000
TI0001104,T000369,P000306,3,382000
TI0001105,T000369,P000231,2,478000
TI0001106,T000370,P000325,3,448000
TI0001107,T000370,P000492,3,484000
TI0001108,T000370,P000358,1,382000
TI0001109,T000370,P000574,5,217000
TI0001110,T000371,P000389,2,159000
TI0001111,T000371,P000918,3,403000
TI0001112,T000371,P000405,1,47000
TI0001113,T000371,P000839,3,481000
TI0001114,T000371,P000354,1,59000
TI0001115,T000372,P000947,3,332000
TI0001116,T000372,P000453,4,397000
TI0001117,T000372,P000672,2,195000
TI0001118,T000373,P000848,3,256000
TI0001119,T000373,P000552,5,49000
TI0001120,T000374,P000141,5,437000
TI0001121,T000374,P000112,2,342000
TI0001122,T000374,P000631,2,272000
TI0001123,T000375,P000686,5,469000
TI0001124,T000376,P000654,1,349000
TI0001125,T000376,P000239,1,391000
TI0001126,T000377,P000339,2,44000
TI0001127,T000377,P000735,1,402000
TI0001128,T000377,P000484,5,442000
TI0001129,T000377,P000103,2,261000
TI0001130,T000378,P000669,4,484000
TI0001131,T000378,P000958,4,339000
TI0001132,T000378,P000902,2,279000
TI0001133,T000378,P000900,3,42000
TI0001134,T000379,P000293,1,228000
TI0001135,T000379,P000662,5,48000
TI0001136,T000379,P000061,2,247000
TI0001137,T000380,P000757,2,85000
TI0001138,T000380,P000741,4,425000
TI0001139,T000380,P000871,2,375000
TI0001140,T000380,P000960,1,199000
TI0001141,T000380,P000039,4,124000
TI0001142,T000381,P000191,3,95000
TI0001143,T000381,P000960,1,199000
TI0001144,T000381,P000767,1,289000
TI0001145,T000381,P000986,3,86000
TI0001146,T000382,P000618,4,79000
TI0001147,T000382,P000110,5,36000
TI0001148,T000382,P000951,5,423000
TI0001149,T000382,P000344,4,348000
TI0001150,T000382,P000292,2,17000
TI0001151,T000383,P000480,3,329000
TI0001152,T000383,P000280,2,47000
TI0001153,T000383,P000198,4,157000
TI0001154,T000383,P000829,3,62000
TI0001155,T000383,P000116,2,147000
TI0001156,T000384,P000755,3,448000
TI0001157,T000385,P000582,2,388000
TI0001158,T000385,P000691,2,286000
TI0001159,T000385,P000776,5,311000
TI0001160,T000386,P000847,1,318000
TI0001161,T000386,P000438,4,53000
TI0001162,T000386,P000528,1,294000
TI0001163,T000386,P000336,2,47000
TI0001164,T000387,P000489,2,493000
TI0001165,T000387,P000332,1,425000
TI0001166,T000388,P000393,3,306000
TI0001167,T000388,P000242,3,362000
TI0001168,T000388,P000458,3,457000
TI0001169,T000389,P000741,3,425000
TI0001170,T000389,P000587,2,124000
TI0001171,T000389,P000012,1,425000
TI0001172,T000389,P000268,1,427000
TI0001173,T000389,P000670,4,316000
TI0001174,T000390,P000164,5,175000
TI0001175,T000390,P000416,3,429000
TI0001176,T000390,P000703,1,95000
TI0001177,T000391,P000377,2,225000
TI0001178,T000391,P000630,2,273000
TI0001179,T000391,P000227,4,63000
TI0001180,T000392,P000466,5,239000
TI0001181,T000392,P000766,3,329000
TI0001182,T000393,P000719,5,148000
TI0001183,T000393,P000563,2,391000
TI0001184,T000393,P000935,2,207000
TI0001185,T000393,P000483,5,105000
TI0001186,T000394,P000539,4,388000
TI0001187,T000395,P000721,1,70000
TI0001188,T000395,P000371,1,331000
TI0001189,T000395,P000080,5,419000
TI0001190,T000395,P000940,5,251000
TI0001191,T000395,P000578,2,446000
TI0001192,T000396,P000550,5,90000
TI0001193,T000396,P000154,4,103000
TI0001194,T000396,P000169,1,437000
TI0001195,T000396,P000336,2,47000
TI0001196,T000396,P000875,5,374000
TI0001197,T000397,P000094,1,453000
TI0001198,T000397,P000921,4,474000
TI0001199,T000397,P000523,2,347000
TI0001200,T000397,P000457,5,364000
TI0001201,T000398,P000468,4,394000
TI0001202,T000398,P000578,3,446000
TI0001203,T000398,P000060,1,475000
TI0001204,T000398,P000573,4,382000
TI0001205,T000399,P000837,2,63000
TI0001206,T000399,P000004,5,48000
TI0001207,T000399,P000764,1,375000
TI0001208,T000400,P000434,3,381000
TI0001209,T000401,P000555,1,299000
TI0001210,T000402,P000957,4,265000
TI0001211,T000403,P000294,4,189000
TI0001212,T000404,P000788,4,275000
TI0001213,T000404,P000139,3,200000
TI0001214,T000405,P000460,4,103000
TI0001215,T000405,P000891,4,483000
TI0001216,T000405,P000940,1,251000
TI0001217,T000405,P000929,5,440000
TI0001218,T000406,P000670,3,316000
TI0001219,T000406,P000881,1,136000
TI0001220,T000407,P000551,5,264000
TI0001221,T000407,P000403,2,436000
TI0001222,T000408,P000855,1,459000
TI0001223,T000408,P000004,3,48000
TI0001224,T000409,P000690,5,51000
TI0001225,T000409,P000737,4,87000
TI0001226,T000409,P000558,2,352000
TI0001227,T000409,P000435,2,255000
TI0001228,T000410,P000355,1,411000
TI0001229,T000410,P000159,1,347000
TI0001230,T000410,P000283,4,56000
TI0001231,T000410,P000194,5,416000
TI0001232,T000411,P000247,2,401000
TI0001233,T000412,P000104,5,60000
TI0001234,T000413,P000458,5,457000
TI0001235,T000414,P000251,1,351000
TI0001236,T000415,P000450,1,188000
TI0001237,T000415,P000240,2,446000
TI0001238,T000415,P000553,5,480000
TI0001239,T000415,P000223,3,446000
TI0001240,T000416,P000836,5,128000
TI0001241,T000416,P000939,3,326000
TI0001242,T000417,P000613,2,185000
TI0001243,T000417,P000792,3,312000
TI0001244,T000417,P000689,2,205000
TI0001245,T000417,P000839,5,481000
TI0001246,T000417,P000329,2,59000
TI0001247,T000418,P000308,5,114000
TI0001248,T000418,P000282,2,135000
TI0001249,T000418,P000063,4,147000
TI0001250,T000418,P000571,5,30000
TI0001251,T000419,P000049,4,37000
TI0001252,T000419,P000996,5,195000
TI0001253,T000419,P000353,3,294000
TI0001254,T000419,P000965,4,380000
TI0001255,T000420,P000153,5,400000
TI0001256,T000420,P000308,4,114000
TI0001257,T000420,P000386,2,330000
TI0001258,T000420,P000189,2,327000
TI0001259,T000421,P000879,4,164000
TI0001260,T000421,P000725,1,17000
TI0001261,T000421,P000148,5,444000
TI0001262,T000422,P000992,2,365000
TI0001263,T000422,P000427,4,90000
TI0001264,T000422,P000571,2,30000
TI0001265,T000422,P000543,3,96000
TI0001266,T000423,P000339,1,44000
TI0001267,T000423,P000663,4,7000
TI0001268,T000424,P000095,2,443000
TI0001269,T000424,P000549,1,405000
TI0001270,T000424,P000742,3,296000
TI0001271,T000425,P000690,1,51000
TI0001272,T000425,P000620,2,484000
TI0001273,T000425,P000618,5,79000
TI0001274,T000425,P000041,5,338000
TI0001275,T000426,P000491,3,256000
TI0001276,T000426,P000214,3,392000
TI0001277,T000427,P000217,2,326000
TI0001278,T000428,P000765,4,452000
TI0001279,T000429,P000713,2,44000
TI0001280,T000429,P000619,4,292000
TI0001281,T000430,P000566,3,294000
TI0001282,T000430,P000330,4,433000
TI0001283,T000431,P000547,3,99000
TI0001284,T000431,P000665,3,87000
TI0001285,T000431,P000368,5,408000
TI0001286,T000431,P000316,4,51000
TI0001287,T000432,P000101,3,338000
TI0001288,T000432,P000823,2,304000
TI0001289,T000432,P000740,3,360000
TI0001290,T000432,P000481,3,208000
TI0001291,T000433,P000047,2,302000
TI0001292,T000433,P000577,1,494000
TI0001293,T000433,P000885,3,52000
TI0001294,T000433,P000227,5,63000
TI0001295,T000434,P000594,2,154000
TI0001296,T000434,P000738,3,137000
TI0001297,T000434,P000428,2,94000
TI0001298,T000434,P000303,4,68000
TI0001299,T000434,P000157,5,311000
TI0001300,T000435,P000512,3,243000
TI0001301,T000435,P000564,3,229000
TI0001302,T000436,P000990,4,117000
TI0001303,T000436,P000741,4,425000
TI0001304,T000436,P000658,2,483000
TI0001305,T000436,P000758,3,372000
TI0001306,T000437,P000144,5,343000
TI0001307,T000437,P000738,4,137000
TI0001308,T000438,P000939,5,326000
TI0001309,T000438,P000911,1,293000
TI0001310,T000439,P000035,1,260000
TI0001311,T000439,P000860,1,122000
TI0001312,T000439,P000868,4,397000
TI0001313,T000439,P000077,2,68000
TI0001314,T000439,P000968,2,191000
TI0001315,T000440,P000725,2,17000
TI0001316,T000441,P000224,5,97000
TI0001317,T000442,P000383,5,42000
TI0001318,T000442,P000062,4,195000
TI0001319,T000442,P000633,4,471000
TI0001320,T000442,P000654,1,349000
TI0001321,T000443,P000545,5,146000
TI0001322,T000444,P000013,3,99000
TI0001323,T000444,P000018,5,326000
TI0001324,T000444,P000543,3,96000
TI0001325,T000444,P000740,1,360000
TI0001326,T000445,P000833,2,496000
TI0001327,T000445,P000715,1,356000
TI0001328,T000445,P000691,1,286000
TI0001329,T000445,P000441,5,373000
TI0001330,T000445,P000826,2,232000
TI0001331,T000446,P000197,5,231000
TI0001332,T000446,P000635,3,137000
TI0001333,T000447,P000274,1,383000
TI0001334,T000447,P000815,3,4000
TI0001335,T000447,P000407,4,121000
TI0001336,T000448,P000579,3,494000
TI0001337,T000448,P000250,1,19000
TI0001338,T000448,P000714,1,123000
TI0001339,T000448,P000232,1,213000
TI0001340,T000449,P000389,1,159000
TI0001341,T000449,P000387,1,468000
TI0001342,T000449,P000566,2,294000
TI0001343,T000449,P000488,1,149000
TI0001344,T000450,P000866,3,104000
TI0001345,T000450,P000445,5,401000
TI0001346,T000450,P000661,1,53000
TI0001347,T000450,P000804,5,187000
TI0001348,T000451,P000236,2,421000
TI0001349,T000452,P000487,3,231000
TI0001350,T000452,P000278,5,494000
TI0001351,T000452,P000048,5,31000
TI0001352,T000452,P000947,1,332000
TI0001353,T000452,P000077,2,68000
TI0001354,T000453,P000017,5,137000
TI0001355,T000453,P000985,2,53000
TI0001356,T000453,P000213,4,47000
TI0001357,T000454,P000307,2,263000
TI0001358,T000455,P000247,5,401000
TI0001359,T000455,P000581,3,202000
TI0001360,T000455,P000855,4,459000
TI0001361,T000455,P000870,2,173000
TI0001362,T000455,P000399,1,226000
TI0001363,T000456,P000764,4,375000
TI0001364,T000456,P000998,2,5000
TI0001365,T000456,P000355,1,411000
TI0001366,T000456,P000055,3,207000
TI0001367,T000456,P000101,5,338000
TI0001368,T000457,P000978,3,390000
TI0001369,T000457,P000610,1,357000
TI0001370,T000457,P000407,3,121000
TI0001371,T000457,P000993,4,131000
TI0001372,T000457,P000793,4,380000
TI0001373,T000458,P000365,4,349000
TI0001374,T000458,P000567,4,438000
TI0001375,T000459,P000697,4,179000
TI0001376,T000459,P000600,1,435000
TI0001377,T000460,P000303,1,68000
TI0001378,T000460,P000818,3,106000
TI0001379,T000460,P000253,2,356000
TI0001380,T000460,P000731,4,448000
TI0001381,T000460,P000076,2,38000
TI0001382,T000461,P000325,1,448000
TI0001383,T000461,P000370,3,20000
TI0001384,T000461,P000110,4,36000
TI0001385,T000461,P000094,3,453000
TI0001386,T000462,P000105,2,20000
TI0001387,T000462,P000136,4,78000
TI0001388,T000462,P000090,4,19000
TI0001389,T000463,P000569,1,461000
TI0001390,T000463,P000525,3,153000
TI0001391,T000463,P000418,5,150000
TI0001392,T000463,P000106,1,374000
TI0001393,T000463,P000027,5,253000
TI0001394,T000464,P000804,3,187000
TI0001395,T000464,P000333,4,140000
TI0001396,T000464,P000885,4,52000
TI0001397,T000464,P000395,1,23000
TI0001398,T000464,P000013,5,99000
TI0001399,T000465,P000586,2,415000
TI0001400,T000465,P000534,4,125000
TI0001401,T000466,P000143,3,224000
TI0001402,T000466,P000276,3,468000
TI0001403,T000467,P000150,3,173000
TI0001404,T000467,P000065,4,297000
TI0001405,T000467,P000172,3,94000
TI0001406,T000467,P000446,4,121000
TI0001407,T000468,P000370,3,20000
TI0001408,T000469,P000739,4,471000
TI0001409,T000469,P000641,5,290000
TI0001410,T000470,P000201,1,89000
TI0001411,T000470,P000469,4,426000
TI0001412,T000470,P000110,3,36000
TI0001413,T000470,P000139,5,200000
TI0001414,T000470,P000312,4,165000
TI0001415,T000471,P000451,5,128000
TI0001416,T000471,P000343,2,177000
TI0001417,T000471,P000441,3,373000
TI0001418,T000472,P000618,2,79000
TI0001419,T000472,P000971,4,456000
TI0001420,T000472,P000712,3,89000
TI0001421,T000473,P000988,3,173000
TI0001422,T000473,P000408,3,15000
TI0001423,T000474,P000991,3,302000
TI0001424,T000474,P000590,4,120000
TI0001425,T000474,P000801,3,131000
TI0001426,T000474,P000249,4,195000
TI0001427,T000475,P000117,2,336000
TI0001428,T000475,P000955,5,328000
TI0001429,T000475,P000578,5,446000
TI0001430,T000476,P000699,5,12000
TI0001431,T000476,P000787,1,159000
TI0001432,T000477,P000966,3,461000
TI0001433,T000477,P000726,1,87000
TI0001434,T000477,P000215,4,391000
TI0001435,T000477,P000449,4,391000
TI0001436,T000478,P000649,2,382000
TI0001437,T000478,P000311,3,252000
TI0001438,T000479,P000733,4,108000
TI0001439,T000479,P000434,1,381000
TI0001440,T000480,P000613,5,185000
TI0001441,T000480,P000491,5,256000
TI0001442,T000480,P000597,4,483000
TI0001443,T000480,P000411,5,316000
TI0001444,T000481,P000810,3,450000
TI0001445,T000482,P000609,2,480000
TI0001446,T000482,P000654,3,349000
TI0001447,T000482,P000937,2,17000
TI0001448,T000482,P000088,5,380000
TI0001449,T000482,P000112,1,342000
TI0001450,T000483,P000661,3,53000
TI0001451,T000483,P000694,4,248000
TI0001452,T000483,P000663,1,7000
TI0001453,T000483,P000410,1,470000
TI0001454,T000483,P000991,1,302000
TI0001455,T000484,P000228,5,364000
TI0001456,T000484,P000523,5,347000
TI0001457,T000484,P000765,5,452000
TI0001458,T000485,P000227,5,63000
TI0001459,T000485,P000457,5,364000
TI0001460,T000485,P000384,2,496000
TI0001461,T000485,P000401,3,71000
TI0001462,T000485,P000475,1,79000
TI0001463,T000486,P000108,1,23000
TI0001464,T000486,P000303,1,68000
TI0001465,T000486,P000426,2,23000
TI0001466,T000486,P000943,3,198000
TI0001467,T000487,P000352,2,236000
TI0001468,T000487,P000467,5,450000
TI0001469,T000487,P000804,4,187000
TI0001470,T000488,P000488,4,149000
TI0001471,T000488,P000100,3,180000
TI0001472,T000488,P000449,1,391000
TI0001473,T000489,P000046,1,174000
TI0001474,T000489,P000830,1,158000
TI0001475,T000489,P000728,3,397000
TI0001476,T000490,P000694,2,248000
TI0001477,T000491,P000529,5,420000
TI0001478,T000491,P000179,2,298000
TI0001479,T000492,P000574,4,217000
TI0001480,T000492,P000437,2,309000
TI0001481,T000492,P000982,4,375000
TI0001482,T000493,P000191,4,95000
TI0001483,T000493,P000656,4,79000
TI0001484,T000494,P000756,5,129000
TI0001485,T000495,P000461,4,185000
TI0001486,T000495,P000607,4,97000
TI0001487,T000496,P000722,2,335000
TI0001488,T000497,P000286,1,333000
TI0001489,T000497,P000771,5,386000
TI0001490,T000498,P000819,5,493000
TI0001491,T000499,P000375,2,231000
TI0001492,T000499,P000334,4,4000
TI0001493,T000500,P000269,4,113000
TI0001494,T000501,P000990,5,117000
TI0001495,T000501,P000655,4,152000
TI0001496,T000501,P000321,5,352000
TI0001497,T000501,P000612,1,274000
TI0001498,T000501,P000398,3,463000
TI0001499,T000502,P000866,2,104000
TI0001500,T000502,P000469,3,426000
TI0001501,T000502,P000633,5,471000
TI0001502,T000503,P000087,2,395000
TI0001503,T000503,P000689,3,205000
TI0001504,T000503,P000138,1,239000
TI0001505,T000503,P000321,2,352000
TI0001506,T000503,P000121,3,345000
TI0001507,T000504,P000524,4,248000
TI0001508,T000504,P000398,5,463000
TI0001509,T000505,P000589,4,126000
TI0001510,T000505,P000393,2,306000
TI0001511,T000506,P000651,2,489000
TI0001512,T000506,P000551,5,264000
TI0001513,T000506,P000711,2,59000
TI0001514,T000506,P000942,4,429000
TI0001515,T000507,P000144,4,343000
TI0001516,T000507,P000192,5,421000
TI0001517,T000507,P000323,1,285000
TI0001518,T000508,P000975,2,442000
TI0001519,T000508,P000010,2,310000
TI0001520,T000508,P000497,4,188000
TI0001521,T000509,P000518,4,354000
TI0001522,T000509,P000669,4,484000
TI0001523,T000509,P000507,4,316000
TI0001524,T000509,P000419,4,124000
TI0001525,T000509,P000702,2,491000
TI0001526,T000510,P000579,1,494000
TI0001527,T000511,P000300,3,397000
TI0001528,T000511,P000034,2,260000
TI0001529,T000512,P000296,4,47000
TI0001530,T000512,P000173,5,175000
TI0001531,T000512,P000800,5,256000
TI0001532,T000512,P000469,1,426000
TI0001533,T000512,P000580,5,441000
TI0001534,T000513,P000275,5,403000
TI0001535,T000514,P000556,1,335000
TI0001536,T000514,P000843,4,26000
TI0001537,T000514,P000775,5,435000
TI0001538,T000515,P000436,2,137000
TI0001539,T000515,P000105,3,20000
TI0001540,T000516,P000461,3,185000
TI0001541,T000517,P000883,4,225000
TI0001542,T000517,P000837,1,63000
TI0001543,T000517,P000090,2,19000
TI0001544,T000518,P000831,5,81000
TI0001545,T000518,P000756,3,129000
TI0001546,T000519,P000648,2,170000
TI0001547,T000519,P000439,2,157000
TI0001548,T000519,P000170,1,125000
TI0001549,T000519,P000631,5,272000
TI0001550,T000519,P000143,3,224000
TI0001551,T000520,P000288,3,50000
TI0001552,T000520,P000612,3,274000
TI0001553,T000520,P000552,5,49000
TI0001554,T000520,P000173,3,175000
TI0001555,T000520,P000332,5,425000
TI0001556,T000521,P000139,4,200000
TI0001557,T000522,P000284,2,318000
TI0001558,T000523,P000256,3,290000
TI0001559,T000523,P000150,2,173000
TI0001560,T000524,P000502,3,286000
TI0001561,T000524,P000146,4,465000
TI0001562,T000524,P000592,4,296000
TI0001563,T000524,P000648,4,170000
TI0001564,T000525,P000649,1,382000
TI0001565,T000526,P000528,3,294000
TI0001566,T000526,P000768,4,226000
TI0001567,T000526,P000285,4,332000
TI0001568,T000526,P000712,3,89000
TI0001569,T000527,P000003,1,45000
TI0001570,T000527,P000890,4,305000
TI0001571,T000527,P000793,3,380000
TI0001572,T000527,P000868,1,397000
TI0001573,T000527,P000751,5,458000
TI0001574,T000528,P000224,2,97000
TI0001575,T000528,P000992,4,365000
TI0001576,T000528,P000440,3,354000
TI0001577,T000528,P000845,3,89000
TI0001578,T000529,P000346,2,29000
TI0001579,T000529,P000561,5,383000
TI0001580,T000529,P000592,4,296000
TI0001581,T000530,P000916,1,45000
TI0001582,T000530,P000699,1,12000
TI0001583,T000530,P000781,1,280000
TI0001584,T000531,P000017,2,137000
TI0001585,T000531,P000128,4,234000
TI0001586,T000531,P000952,4,4000
TI0001587,T000531,P000879,1,164000
TI0001588,T000532,P000208,3,406000
TI0001589,T000532,P000706,2,106000
TI0001590,T000532,P000932,3,97000
TI0001591,T000532,P000136,1,78000
TI0001592,T000533,P000257,2,41000
TI0001593,T000533,P000085,1,464000
TI0001594,T000533,P000381,4,286000
TI0001595,T000534,P000744,2,207000
TI0001596,T000534,P000717,4,96000
TI0001597,T000534,P000774,1,308000
TI0001598,T000535,P000002,2,115000
TI0001599,T000536,P000080,5,419000
TI0001600,T000536,P000136,4,78000
TI0001601,T000536,P000608,1,107000
TI0001602,T000536,P000232,1,213000
TI0001603,T000537,P000837,4,63000
TI0001604,T000537,P000124,2,295000
TI0001605,T000537,P000881,4,136000
TI0001606,T000538,P000235,4,396000
TI0001607,T000539,P000749,1,138000
TI0001608,T000540,P000321,3,352000
TI0001609,T000541,P000141,2,437000
TI0001610,T000541,P000392,2,20000
TI0001611,T000541,P000793,1,380000
TI0001612,T000542,P000577,4,494000
TI0001613,T000542,P000009,3,48000
TI0001614,T000542,P000625,2,484000
TI0001615,T000542,P000666,2,138000
TI0001616,T000542,P000169,4,437000
TI0001617,T000543,P000704,1,203000
TI0001618,T000543,P000454,2,147000
TI0001619,T000543,P000881,1,136000
TI0001620,T000543,P000223,5,446000
TI0001621,T000543,P000089,4,5000
TI0001622,T000544,P000987,2,234000
TI0001623,T000544,P000440,2,354000
TI0001624,T000544,P000323,3,285000
TI0001625,T000545,P000255,5,221000
TI0001626,T000546,P000615,1,190000
TI0001627,T000546,P000739,3,471000
TI0001628,T000546,P000623,2,369000
TI0001629,T000546,P000292,5,17000
TI0001630,T000546,P000798,5,135000
TI0001631,T000547,P000194,1,416000
TI0001632,T000547,P000766,2,329000
TI0001633,T000547,P000402,4,448000
TI0001634,T000547,P000303,4,68000
TI0001635,T000547,P000662,1,48000
TI0001636,T000548,P000512,5,243000
TI0001637,T000548,P000654,1,349000
TI0001638,T000549,P000911,2,293000
TI0001639,T000549,P000013,4,99000
TI0001640,T000549,P000370,5,20000
TI0001641,T000549,P000957,4,265000
TI0001642,T000549,P000325,3,448000
TI0001643,T000550,P000700,1,410000
TI0001644,T000550,P000177,1,406000
TI0001645,T000550,P000782,5,9000
TI0001646,T000550,P000483,1,105000
TI0001647,T000550,P000978,1,390000
TI0001648,T000551,P000221,1,233000
TI0001649,T000551,P000041,4,338000
TI0001650,T000551,P000945,5,106000
TI0001651,T000552,P000644,4,337000
TI0001652,T000552,P000730,4,218000
TI0001653,T000552,P000514,4,88000
TI0001654,T000553,P000656,5,79000
TI0001655,T000554,P000631,1,272000
TI0001656,T000554,P000157,5,311000
TI0001657,T000554,P000285,2,332000
TI0001658,T000554,P000086,2,425000
TI0001659,T000554,P000318,5,455000
TI0001660,T000555,P000401,1,71000
TI0001661,T000555,P000601,3,469000
TI0001662,T000555,P000650,4,119000
TI0001663,T000556,P000060,1,475000
TI0001664,T000556,P000251,4,351000
TI0001665,T000557,P000465,5,498000
TI0001666,T000558,P000057,2,217000
TI0001667,T000558,P000317,1,450000
TI0001668,T000558,P000683,1,38000
TI0001669,T000558,P000760,2,245000
TI0001670,T000558,P000674,1,165000
TI0001671,T000559,P000509,3,154000
TI0001672,T000559,P000976,5,171000
TI0001673,T000560,P000802,3,117000
TI0001674,T000560,P000843,2,26000
TI0001675,T000560,P000739,3,471000
TI0001676,T000560,P000266,1,203000
TI0001677,T000560,P000171,1,195000
TI0001678,T000561,P000827,5,70000
TI0001679,T000561,P000440,1,354000
TI0001680,T000561,P000279,3,371000
TI0001681,T000562,P000643,3,24000
TI0001682,T000562,P000079,1,314000
TI0001683,T000562,P000509,4,154000
TI0001684,T000562,P000467,5,450000
TI0001685,T000562,P000524,2,248000
TI0001686,T000563,P000162,1,401000
TI0001687,T000563,P000262,5,301000
TI0001688,T000563,P000792,1,312000
TI0001689,T000564,P000759,1,47000
TI0001690,T000564,P000522,1,468000
TI0001691,T000565,P000251,1,351000
TI0001692,T000566,P000373,2,231000
TI0001693,T000566,P000393,1,306000
TI0001694,T000566,P000943,5,198000
TI0001695,T000566,P000154,4,103000
TI0001696,T000567,P000330,4,433000
TI0001697,T000567,P000255,3,221000
TI0001698,T000568,P000846,3,144000
TI0001699,T000568,P000080,1,419000
TI0001700,T000568,P000586,5,415000
TI0001701,T000569,P000184,2,379000
TI0001702,T000570,P000048,4,31000
TI0001703,T000570,P000977,3,30000
TI0001704,T000570,P000411,3,316000
TI0001705,T000570,P000071,3,42000
TI0001706,T000570,P000899,1,14000
TI0001707,T000571,P000468,5,394000
TI0001708,T000571,P000009,3,48000
TI0001709,T000571,P000378,5,187000
TI0001710,T000571,P000206,2,279000
TI0001711,T000571,P000299,4,107000
TI0001712,T000572,P000606,2,345000
TI0001713,T000572,P000996,5,195000
TI0001714,T000572,P000506,2,168000
TI0001715,T000573,P000007,4,415000
TI0001716,T000573,P000955,1,328000
TI0001717,T000574,P000555,1,299000
TI0001718,T000574,P000355,3,411000
TI0001719,T000575,P000778,4,58000
TI0001720,T000576,P000107,2,60000
TI0001721,T000576,P000211,4,225000
TI0001722,T000576,P000543,4,96000
TI0001723,T000577,P000996,2,195000
TI0001724,T000578,P000096,2,92000
TI0001725,T000578,P000045,5,232000
TI0001726,T000578,P000944,4,439000
TI0001727,T000579,P000470,1,85000
TI0001728,T000579,P000998,5,5000
TI0001729,T000579,P000766,1,329000
TI0001730,T000580,P000137,5,33000
TI0001731,T000580,P000653,5,183000
TI0001732,T000580,P000840,1,133000
TI0001733,T000580,P000404,4,140000
TI0001734,T000580,P000077,2,68000
TI0001735,T000581,P000299,3,107000
TI0001736,T000581,P000268,4,427000
TI0001737,T000582,P000326,2,308000
TI0001738,T000582,P000464,1,211000
TI0001739,T000582,P000279,2,371000
TI0001740,T000583,P000799,5,255000
TI0001741,T000583,P000789,1,391000
TI0001742,T000584,P000109,4,474000
TI0001743,T000584,P000169,4,437000
TI0001744,T000585,P000417,3,324000
TI0001745,T000585,P000124,2,295000
TI0001746,T000585,P000549,4,405000
TI0001747,T000586,P000475,1,79000
TI0001748,T000586,P000272,1,404000
TI0001749,T000586,P000873,2,115000
TI0001750,T000587,P000847,5,318000
TI0001751,T000587,P000722,1,335000
TI0001752,T000587,P000714,2,123000
TI0001753,T000588,P000152,2,27000
TI0001754,T000588,P000094,3,453000
TI0001755,T000588,P000729,4,390000
TI0001756,T000589,P000051,2,296000
TI0001757,T000589,P000694,1,248000
TI0001758,T000589,P000307,4,263000
TI0001759,T000589,P000267,4,399000
TI0001760,T000589,P000840,5,133000
TI0001761,T000590,P000256,2,290000
TI0001762,T000590,P000097,1,443000
TI0001763,T000590,P000474,1,258000
TI0001764,T000590,P000105,1,20000
TI0001765,T000590,P000824,2,494000
TI0001766,T000591,P000203,4,17000
TI0001767,T000591,P000844,3,255000
TI0001768,T000592,P000597,5,483000
TI0001769,T000593,P000940,1,251000
TI0001770,T000593,P000833,1,496000
TI0001771,T000593,P000077,2,68000
TI0001772,T000594,P000829,3,62000
TI0001773,T000594,P000132,1,385000
TI0001774,T000594,P000095,1,443000
TI0001775,T000594,P000927,4,382000
TI0001776,T000595,P000173,5,175000
TI0001777,T000596,P000842,1,464000
TI0001778,T000596,P000742,4,296000
TI0001779,T000596,P000405,4,47000
TI0001780,T000596,P000509,2,154000
TI0001781,T000597,P000220,3,148000
TI0001782,T000597,P000931,3,374000
TI0001783,T000597,P000192,4,421000
TI0001784,T000598,P000036,5,391000
TI0001785,T000598,P000629,5,468000
TI0001786,T000599,P000663,4,7000
TI0001787,T000599,P000303,4,68000
TI0001788,T000600,P000491,2,256000
TI0001789,T000600,P000063,4,147000
TI0001790,T000600,P000090,2,19000
TI0001791,T000600,P000287,5,485000
TI0001792,T000600,P000393,2,306000
TI0001793,T000601,P000814,3,396000
TI0001794,T000601,P000020,4,113000
TI0001795,T000601,P000392,5,20000
TI0001796,T000601,P000801,4,131000
TI0001797,T000601,P000731,3,448000
TI0001798,T000602,P000515,1,76000
TI0001799,T000602,P000330,3,433000
TI0001800,T000602,P000398,5,463000
TI0001801,T000602,P000277,2,496000
TI0001802,T000602,P000185,1,306000
TI0001803,T000603,P000060,5,475000
TI0001804,T000603,P000829,3,62000
TI0001805,T000603,P000484,5,442000
TI0001806,T000604,P000998,1,5000
TI0001807,T000604,P000164,2,175000
TI0001808,T000605,P000273,1,375000
TI0001809,T000605,P000547,2,99000
TI0001810,T000606,P000867,2,31000
TI0001811,T000606,P000817,2,389000
TI0001812,T000606,P000398,2,463000
TI0001813,T000606,P000364,5,253000
TI0001814,T000606,P000958,3,339000
TI0001815,T000607,P000936,3,89000
TI0001816,T000607,P000606,5,345000
TI0001817,T000607,P000029,5,198000
TI0001818,T000608,P000577,2,494000
TI0001819,T000608,P000972,4,196000
TI0001820,T000609,P000317,1,450000
TI0001821,T000609,P000180,2,177000
TI0001822,T000609,P000503,5,261000
TI0001823,T000609,P000039,2,124000
TI0001824,T000609,P000093,1,128000
TI0001825,T000610,P000490,2,98000
TI0001826,T000610,P000001,2,328000
TI0001827,T000610,P000340,3,26000
TI0001828,T000610,P000940,2,251000
TI0001829,T000610,P000629,3,468000
TI0001830,T000611,P000023,2,336000
TI0001831,T000612,P000722,5,335000
TI0001832,T000612,P000940,3,251000
TI0001833,T000612,P000146,1,465000
TI0001834,T000612,P000793,3,380000
TI0001835,T000612,P000114,4,482000
TI0001836,T000613,P000104,2,60000
TI0001837,T000613,P000345,4,158000
TI0001838,T000613,P000310,4,246000
TI0001839,T000613,P000331,3,330000
TI0001840,T000613,P000140,2,245000
TI0001841,T000614,P000711,3,59000
TI0001842,T000614,P000911,2,293000
TI0001843,T000614,P000952,5,4000
TI0001844,T000614,P000629,2,468000
TI0001845,T000614,P000806,4,165000
TI0001846,T000615,P000752,2,321000
TI0001847,T000615,P000706,2,106000
TI0001848,T000615,P000302,1,409000
TI0001849,T000616,P000401,1,71000
TI0001850,T000616,P000872,2,163000
TI0001851,T000616,P000790,5,358000
TI0001852,T000616,P000989,3,184000
TI0001853,T000616,P000582,5,388000
TI0001854,T000617,P000655,1,152000
TI0001855,T000617,P000580,4,441000
TI0001856,T000618,P000340,1,26000
TI0001857,T000618,P000764,2,375000
TI0001858,T000619,P000328,1,115000
TI0001859,T000619,P000172,3,94000
TI0001860,T000619,P000652,4,325000
TI0001861,T000620,P000272,2,404000
TI0001862,T000621,P000710,3,306000
TI0001863,T000621,P000070,3,127000
TI0001864,T000622,P000738,1,137000
TI0001865,T000623,P000396,4,497000
TI0001866,T000624,P000993,4,131000
TI0001867,T000624,P000171,4,195000
TI0001868,T000624,P000906,3,44000
TI0001869,T000624,P000424,5,183000
TI0001870,T000625,P000104,5,60000
TI0001871,T000625,P000849,2,45000
TI0001872,T000625,P000491,2,256000
TI0001873,T000625,P000808,4,258000
TI0001874,T000626,P000819,1,493000
TI0001875,T000627,P000021,1,421000
TI0001876,T000627,P000327,1,260000
TI0001877,T000627,P000268,3,427000
TI0001878,T000628,P000910,2,154000
TI0001879,T000628,P000385,1,363000
TI0001880,T000629,P000965,5,380000
TI0001881,T000629,P000920,4,76000
TI0001882,T000629,P000096,1,92000
TI0001883,T000629,P000347,4,393000
TI0001884,T000629,P000609,2,480000
TI0001885,T000630,P000912,3,76000
TI0001886,T000630,P000445,2,401000
TI0001887,T000630,P000161,2,357000
TI0001888,T000630,P000055,4,207000
TI0001889,T000630,P000104,5,60000
TI0001890,T000631,P000272,1,404000
TI0001891,T000631,P000677,1,144000
TI0001892,T000631,P000289,4,233000
TI0001893,T000631,P000305,5,65000
TI0001894,T000631,P000244,5,495000
TI0001895,T000632,P000158,4,56000
TI0001896,T000632,P000056,1,99000
TI0001897,T000632,P000370,3,20000
TI0001898,T000632,P000004,5,48000
TI0001899,T000633,P000205,2,302000
TI0001900,T000633,P000100,3,180000
TI0001901,T000633,P000027,1,253000
TI0001902,T000633,P000212,4,377000
TI0001903,T000634,P000316,4,51000
TI0001904,T000635,P000501,1,500000
TI0001905,T000635,P000917,5,167000
TI0001906,T000635,P000677,4,144000
TI0001907,T000635,P000272,2,404000
TI0001908,T000636,P000907,2,498000
TI0001909,T000636,P000391,4,152000
TI0001910,T000636,P000379,1,397000
TI0001911,T000637,P000451,2,128000
TI0001912,T000637,P000477,3,24000
TI0001913,T000637,P000270,5,348000
TI0001914,T000638,P000155,1,65000
TI0001915,T000639,P000685,3,19000
TI0001916,T000640,P000424,5,183000
TI0001917,T000640,P000995,1,25000
TI0001918,T000640,P000775,4,435000
TI0001919,T000640,P000604,5,473000
TI0001920,T000640,P000233,4,283000
TI0001921,T000641,P000704,2,203000
TI0001922,T000641,P000888,4,38000
TI0001923,T000641,P000959,3,255000
TI0001924,T000641,P000487,1,231000
TI0001925,T000641,P000587,4,124000
TI0001926,T000642,P000515,5,76000
TI0001927,T000643,P000820,1,23000
TI0001928,T000643,P000586,4,415000
TI0001929,T000643,P000694,2,248000
TI0001930,T000643,P000636,2,236000
TI0001931,T000643,P000151,2,428000
TI0001932,T000644,P000130,4,418000
TI0001933,T000644,P000044,1,344000
TI0001934,T000645,P000207,5,424000
TI0001935,T000645,P000843,3,26000
TI0001936,T000645,P000643,3,24000
TI0001937,T000645,P000152,1,27000
TI0001938,T000646,P000398,5,463000
TI0001939,T000647,P000566,5,294000
TI0001940,T000647,P000334,4,4000
TI0001941,T000647,P000878,1,73000
TI0001942,T000647,P000283,5,56000
TI0001943,T000648,P000536,2,368000
TI0001944,T000648,P000801,2,131000
TI0001945,T000648,P000430,5,162000
TI0001946,T000648,P000116,5,147000
TI0001947,T000648,P000425,5,322000
TI0001948,T000649,P000948,1,130000
TI0001949,T000650,P000799,5,255000
TI0001950,T000650,P000104,3,60000
TI0001951,T000650,P000805,4,284000
TI0001952,T000650,P000293,3,228000
TI0001953,T000650,P000889,4,375000
TI0001954,T000651,P000586,2,415000
TI0001955,T000651,P000624,3,329000
TI0001956,T000651,P000485,4,67000
TI0001957,T000651,P000039,2,124000
TI0001958,T000652,P000624,4,329000
TI0001959,T000652,P000698,3,164000
TI0001960,T000652,P000711,2,59000
TI0001961,T000652,P000412,1,111000
TI0001962,T000652,P000040,4,418000
TI0001963,T000653,P000919,3,401000
TI0001964,T000653,P000382,3,371000
TI0001965,T000653,P000021,3,421000
TI0001966,T000654,P000864,1,29000
TI0001967,T000654,P000504,2,20000
TI0001968,T000654,P000879,2,164000
TI0001969,T000655,P000998,3,5000
TI0001970,T000655,P000762,3,357000
TI0001971,T000655,P000454,4,147000
TI0001972,T000656,P000662,4,48000
TI0001973,T000656,P000092,4,461000
TI0001974,T000656,P000193,5,296000
TI0001975,T000656,P000453,3,397000
TI0001976,T000656,P000217,1,326000
TI0001977,T000657,P000811,5,45000
TI0001978,T000657,P000163,4,339000
TI0001979,T000657,P000068,2,42000
TI0001980,T000657,P000319,5,205000
TI0001981,T000657,P000727,5,262000
TI0001982,T000658,P000178,2,208000
TI0001983,T000659,P000858,2,418000
TI0001984,T000659,P000060,1,475000
TI0001985,T000660,P000052,2,98000
TI0001986,T000660,P000941,3,301000
TI0001987,T000660,P000370,3,20000
TI0001988,T000660,P000722,4,335000
TI0001989,T000661,P000407,1,121000
TI0001990,T000661,P000651,2,489000
TI0001991,T000661,P000946,3,11000
TI0001992,T000661,P000127,4,238000
TI0001993,T000661,P000698,5,164000
TI0001994,T000662,P000182,5,119000
TI0001995,T000662,P000984,5,116000
TI0001996,T000662,P000892,3,81000
TI0001997,T000662,P000486,3,164000
TI0001998,T000663,P000858,3,418000
TI0001999,T000663,P000916,1,45000
TI0002000,T000664,P000029,2,198000
TI0002001,T000664,P000396,5,497000
TI0002002,T000664,P000051,2,296000
TI0002003,T000665,P000663,2,7000
TI0002004,T000665,P000231,3,478000
TI0002005,T000666,P000526,1,354000
TI0002006,T000666,P000021,4,421000
TI0002007,T000666,P000886,2,116000
TI0002008,T000666,P000800,2,256000
TI0002009,T000667,P000821,3,235000
TI0002010,T000667,P000009,3,48000
TI0002011,T000667,P000230,4,237000
TI0002012,T000667,P000259,4,237000
TI0002013,T000667,P000623,3,369000
TI0002014,T000668,P000259,5,237000
TI0002015,T000668,P000224,5,97000
TI0002016,T000668,P000478,4,108000
TI0002017,T000668,P000310,5,246000
TI0002018,T000669,P000008,5,143000
TI0002019,T000670,P000575,5,479000
TI0002020,T000670,P000663,3,7000
TI0002021,T000670,P000609,3,480000
TI0002022,T000671,P000494,1,145000
TI0002023,T000672,P000284,3,318000
TI0002024,T000672,P000656,3,79000
TI0002025,T000672,P000333,3,140000
TI0002026,T000673,P000154,2,103000
TI0002027,T000673,P000530,1,148000
TI0002028,T000674,P000414,1,63000
TI0002029,T000674,P000677,4,144000
TI0002030,T000674,P000328,3,115000
TI0002031,T000674,P000698,3,164000
TI0002032,T000674,P000144,4,343000
TI0002033,T000675,P000398,5,463000
TI0002034,T000675,P000755,2,448000
TI0002035,T000675,P000037,3,307000
TI0002036,T000675,P000598,2,357000
TI0002037,T000676,P000654,3,349000
TI0002038,T000676,P000804,5,187000
TI0002039,T000676,P000488,3,149000
TI0002040,T000676,P000929,2,440000
TI0002041,T000676,P000964,5,93000
TI0002042,T000677,P000301,4,440000
TI0002043,T000677,P000100,2,180000
TI0002044,T000678,P000743,2,193000
TI0002045,T000678,P000828,3,85000
TI0002046,T000678,P000573,1,382000
TI0002047,T000679,P000364,3,253000
TI0002048,T000679,P000229,4,283000
TI0002049,T000680,P000381,3,286000
TI0002050,T000680,P000267,4,399000
TI0002051,T000680,P000600,1,435000
TI0002052,T000681,P000055,5,207000
TI0002053,T000681,P000888,5,38000
TI0002054,T000681,P000650,1,119000
TI0002055,T000681,P000598,4,357000
TI0002056,T000682,P000513,4,117000
TI0002057,T000682,P000123,5,436000
TI0002058,T000683,P000424,2,183000
TI0002059,T000683,P000056,2,99000
TI0002060,T000683,P000892,2,81000
TI0002061,T000684,P000420,4,343000
TI0002062,T000684,P000584,2,422000
TI0002063,T000684,P000915,3,76000
TI0002064,T000685,P000798,4,135000
TI0002065,T000685,P000083,3,310000
TI0002066,T000686,P000321,1,352000
TI0002067,T000686,P000650,1,119000
TI0002068,T000687,P000281,2,64000
TI0002069,T000687,P000215,5,391000
TI0002070,T000687,P000780,2,68000
TI0002071,T000687,P000793,4,380000
TI0002072,T000688,P000133,5,249000
TI0002073,T000689,P000649,4,382000
TI0002074,T000689,P000440,4,354000
TI0002075,T000689,P000414,1,63000
TI0002076,T000689,P000989,1,184000
TI0002077,T000690,P000205,3,302000
TI0002078,T000690,P000749,5,138000
TI0002079,T000690,P000383,2,42000
TI0002080,T000690,P000973,1,446000
TI0002081,T000690,P000015,1,195000
TI0002082,T000691,P000232,3,213000
TI0002083,T000691,P000711,3,59000
TI0002084,T000692,P000106,5,374000
TI0002085,T000692,P000393,5,306000
TI0002086,T000693,P000172,1,94000
TI0002087,T000693,P000067,3,471000
TI0002088,T000693,P000844,3,255000
TI0002089,T000694,P000746,3,445000
TI0002090,T000694,P000533,4,71000
TI0002091,T000694,P000611,2,283000
TI0002092,T000694,P000537,3,3000
TI0002093,T000695,P000368,4,408000
TI0002094,T000695,P000769,1,471000
TI0002095,T000695,P000193,2,296000
TI0002096,T000695,P000169,2,437000
TI0002097,T000696,P000217,1,326000
TI0002098,T000696,P000752,5,321000
TI0002099,T000697,P000174,1,6000
TI0002100,T000697,P000127,4,238000
TI0002101,T000697,P000376,3,331000
TI0002102,T000697,P000729,5,390000
TI0002103,T000697,P000667,5,33000
TI0002104,T000698,P000609,1,480000
TI0002105,T000699,P000670,1,316000
TI0002106,T000700,P000707,1,410000
TI0002107,T000701,P000455,3,70000
TI0002108,T000701,P000390,4,99000
TI0002109,T000701,P000127,2,238000
TI0002110,T000701,P000561,2,383000
TI0002111,T000702,P000309,4,155000
TI0002112,T000703,P000679,5,394000
TI0002113,T000704,P000638,2,48000
TI0002114,T000704,P000621,4,495000
TI0002115,T000704,P000718,1,477000
TI0002116,T000705,P000737,1,87000
TI0002117,T000705,P000633,4,471000
TI0002118,T000705,P000121,2,345000
TI0002119,T000705,P000290,5,381000
TI0002120,T000705,P000117,2,336000
TI0002121,T000706,P000852,2,246000
TI0002122,T000706,P000536,3,368000
TI0002123,T000706,P000997,4,360000
TI0002124,T000707,P000165,4,222000
TI0002125,T000707,P000041,2,338000
TI0002126,T000707,P000562,4,468000
TI0002127,T000708,P000241,1,120000
TI0002128,T000708,P000003,1,45000
TI0002129,T000708,P000014,5,117000
TI0002130,T000709,P000153,5,400000
TI0002131,T000709,P000973,1,446000
TI0002132,T000709,P000093,1,128000
TI0002133,T000709,P000799,3,255000
TI0002134,T000710,P000468,3,394000
TI0002135,T000710,P000304,4,166000
TI0002136,T000711,P000103,2,261000
TI0002137,T000712,P000873,3,115000
TI0002138,T000713,P000821,4,235000
TI0002139,T000713,P000694,1,248000
TI0002140,T000713,P000321,1,352000
TI0002141,T000714,P000010,2,310000
TI0002142,T000715,P000337,4,215000
TI0002143,T000715,P000367,5,35000
TI0002144,T000716,P000900,3,42000
TI0002145,T000716,P000751,3,458000
TI0002146,T000716,P000096,2,92000
TI0002147,T000717,P000411,4,316000
TI0002148,T000718,P000279,4,371000
TI0002149,T000718,P000856,4,184000
TI0002150,T000718,P000395,2,23000
TI0002151,T000718,P000707,1,410000
TI0002152,T000719,P000713,1,44000
TI0002153,T000719,P000744,2,207000
TI0002154,T000720,P000427,5,90000
TI0002155,T000721,P000822,2,259000
TI0002156,T000721,P000583,5,369000
TI0002157,T000721,P000695,4,60000
TI0002158,T000721,P000449,3,391000
TI0002159,T000722,P000030,2,129000
TI0002160,T000722,P000884,4,253000
TI0002161,T000722,P000701,4,283000
TI0002162,T000722,P000902,1,279000
TI0002163,T000722,P000859,4,434000
TI0002164,T000723,P000048,3,31000
TI0002165,T000723,P000065,1,297000
TI0002166,T000723,P000268,5,427000
TI0002167,T000723,P000671,5,156000
TI0002168,T000724,P000230,5,237000
TI0002169,T000724,P000979,5,403000
TI0002170,T000724,P000686,5,469000
TI0002171,T000724,P000895,1,50000
TI0002172,T000724,P000347,4,393000
TI0002173,T000725,P000494,4,145000
TI0002174,T000725,P000355,2,411000
TI0002175,T000726,P000914,2,217000
TI0002176,T000726,P000628,5,31000
TI0002177,T000726,P000056,4,99000
TI0002178,T000726,P000012,4,425000
TI0002179,T000726,P000659,2,53000
TI0002180,T000727,P000770,4,441000
TI0002181,T000728,P000247,3,401000
TI0002182,T000728,P000339,1,44000
TI0002183,T000728,P000994,5,25000
TI0002184,T000729,P000564,4,229000
TI0002185,T000729,P000659,4,53000
TI0002186,T000730,P000081,4,481000
TI0002187,T000730,P000471,5,486000
TI0002188,T000731,P000091,3,221000
TI0002189,T000731,P000878,1,73000
TI0002190,T000731,P000511,4,408000
TI0002191,T000731,P000458,1,457000
TI0002192,T000732,P000414,4,63000
TI0002193,T000733,P000571,5,30000
TI0002194,T000734,P000846,1,144000
TI0002195,T000735,P000987,5,234000
TI0002196,T000735,P000634,5,99000
TI0002197,T000735,P000653,2,183000
TI0002198,T000735,P000312,4,165000
TI0002199,T000735,P000912,3,76000
TI0002200,T000736,P000846,2,144000
TI0002201,T000736,P000056,4,99000
TI0002202,T000736,P000837,3,63000
TI0002203,T000737,P000786,3,276000
TI0002204,T000737,P000635,4,137000
TI0002205,T000737,P000615,1,190000
TI0002206,T000737,P000485,1,67000
TI0002207,T000737,P000734,2,324000
TI0002208,T000738,P000350,3,287000
TI0002209,T000739,P000561,1,383000
TI0002210,T000739,P000535,1,120000
TI0002211,T000739,P000383,2,42000
TI0002212,T000740,P000144,4,343000
TI0002213,T000740,P000842,1,464000
TI0002214,T000740,P000735,3,402000
TI0002215,T000740,P000761,5,266000
TI0002216,T000741,P000193,4,296000
TI0002217,T000741,P000124,2,295000
TI0002218,T000742,P000845,3,89000
TI0002219,T000742,P000801,1,131000
TI0002220,T000742,P000196,4,405000
TI0002221,T000742,P000734,1,324000
TI0002222,T000743,P000127,5,238000
TI0002223,T000743,P000791,5,45000
TI0002224,T000743,P000914,2,217000
TI0002225,T000743,P000462,4,412000
TI0002226,T000743,P000469,1,426000
TI0002227,T000744,P000754,5,353000
TI0002228,T000744,P000050,4,249000
TI0002229,T000744,P000567,5,438000
TI0002230,T000744,P000958,2,339000
TI0002231,T000744,P000444,5,488000
TI0002232,T000745,P000749,2,138000
TI0002233,T000745,P000835,1,488000
TI0002234,T000746,P000674,3,165000
TI0002235,T000746,P000615,5,190000
TI0002236,T000746,P000621,4,495000
TI0002237,T000746,P000904,4,226000
TI0002238,T000747,P000938,4,141000
TI0002239,T000747,P000710,3,306000
TI0002240,T000747,P000781,3,280000
TI0002241,T000747,P000255,4,221000
TI0002242,T000747,P000281,2,64000
TI0002243,T000748,P000423,5,326000
TI0002244,T000748,P000617,3,284000
TI0002245,T000749,P000882,5,132000
TI0002246,T000749,P000322,2,48000
TI0002247,T000749,P000729,2,390000
TI0002248,T000749,P000755,2,448000
TI0002249,T000749,P000958,5,339000
TI0002250,T000750,P000704,2,203000
TI0002251,T000750,P000354,2,59000
TI0002252,T000750,P000944,5,439000
TI0002253,T000751,P000711,3,59000
TI0002254,T000751,P000653,5,183000
TI0002255,T000751,P000331,4,330000
TI0002256,T000751,P000728,5,397000
TI0002257,T000751,P000119,5,338000
TI0002258,T000752,P000691,5,286000
TI0002259,T000752,P000766,3,329000
TI0002260,T000752,P000916,4,45000
TI0002261,T000752,P000862,1,73000
TI0002262,T000753,P000110,1,36000
TI0002263,T000753,P000026,2,205000
TI0002264,T000753,P000391,3,152000
TI0002265,T000753,P000149,2,195000
TI0002266,T000753,P000055,3,207000
TI0002267,T000754,P000150,3,173000
TI0002268,T000754,P000860,2,122000
TI0002269,T000754,P000064,5,80000
TI0002270,T000755,P000368,4,408000
TI0002271,T000756,P000631,5,272000
TI0002272,T000757,P000761,5,266000
TI0002273,T000757,P000663,4,7000
TI0002274,T000758,P000524,3,248000
TI0002275,T000758,P000804,1,187000
TI0002276,T000759,P000397,3,120000
TI0002277,T000759,P000427,5,90000
TI0002278,T000759,P000980,1,325000
TI0002279,T000759,P000808,1,258000
TI0002280,T000760,P000208,4,406000
TI0002281,T000760,P000636,2,236000
TI0002282,T000760,P000890,3,305000
TI0002283,T000761,P000560,2,113000
TI0002284,T000761,P000757,3,85000
TI0002285,T000761,P000618,4,79000
TI0002286,T000761,P000202,2,210000
TI0002287,T000761,P000795,1,268000
TI0002288,T000762,P000986,5,86000
TI0002289,T000762,P000178,1,208000
TI0002290,T000763,P000042,3,271000
TI0002291,T000763,P000439,2,157000
TI0002292,T000763,P000286,2,333000
TI0002293,T000763,P000570,5,68000
TI0002294,T000764,P000006,2,215000
TI0002295,T000764,P000339,1,44000
TI0002296,T000764,P000478,2,108000
TI0002297,T000765,P000612,5,274000
TI0002298,T000765,P000053,3,182000
TI0002299,T000765,P000793,4,380000
TI0002300,T000766,P000564,3,229000
TI0002301,T000766,P000367,5,35000
TI0002302,T000766,P000075,2,5000
TI0002303,T000766,P000803,2,440000
TI0002304,T000766,P000725,5,17000
TI0002305,T000767,P000806,5,165000
TI0002306,T000768,P000426,5,23000
TI0002307,T000768,P000557,4,61000
TI0002308,T000769,P000358,2,382000
TI0002309,T000770,P000680,3,225000
TI0002310,T000770,P000340,3,26000
TI0002311,T000771,P000224,5,97000
TI0002312,T000771,P000974,5,210000
TI0002313,T000771,P000771,4,386000
TI0002314,T000772,P000844,3,255000
TI0002315,T000772,P000771,4,386000
TI0002316,T000772,P000665,2,87000
TI0002317,T000772,P000010,5,310000
TI0002318,T000772,P000118,5,346000
TI0002319,T000773,P000982,3,375000
TI0002320,T000773,P000041,4,338000
TI0002321,T000774,P000396,3,497000
TI0002322,T000775,P000742,3,296000
TI0002323,T000775,P000290,5,381000
TI0002324,T000775,P000026,5,205000
TI0002325,T000775,P000934,4,406000
TI0002326,T000775,P000530,4,148000
TI0002327,T000776,P000304,2,166000
TI0002328,T000777,P000527,1,179000
TI0002329,T000777,P000085,2,464000
TI0002330,T000777,P000971,5,456000
TI0002331,T000778,P000008,2,143000
TI0002332,T000778,P000642,4,109000
TI0002333,T000778,P000068,1,42000
TI0002334,T000778,P000216,2,227000
TI0002335,T000778,P000687,5,341000
TI0002336,T000779,P000663,2,7000
TI0002337,T000779,P000837,1,63000
TI0002338,T000779,P000963,4,260000
TI0002339,T000779,P000074,3,331000
TI0002340,T000780,P000090,1,19000
TI0002341,T000781,P000183,3,381000
TI0002342,T000782,P000073,3,123000
TI0002343,T000782,P000589,4,126000
TI0002344,T000782,P000842,4,464000
TI0002345,T000782,P000234,4,261000
TI0002346,T000782,P000933,4,389000
TI0002347,T000783,P000324,1,169000
TI0002348,T000783,P000018,5,326000
TI0002349,T000783,P000399,1,226000
TI0002350,T000783,P000690,5,51000
TI0002351,T000784,P000775,5,435000
TI0002352,T000785,P000718,1,477000
TI0002353,T000786,P000951,3,423000
TI0002354,T000786,P000515,3,76000
TI0002355,T000786,P000109,5,474000
TI0002356,T000787,P000289,4,233000
TI0002357,T000788,P000405,4,47000
TI0002358,T000788,P000842,2,464000
TI0002359,T000788,P000677,5,144000
TI0002360,T000788,P000032,2,58000
TI0002361,T000789,P000765,5,452000
TI0002362,T000789,P000401,3,71000
TI0002363,T000790,P000306,3,382000
TI0002364,T000790,P000694,1,248000
TI0002365,T000791,P000896,1,431000
TI0002366,T000791,P000569,5,461000
TI0002367,T000791,P000145,5,471000
TI0002368,T000791,P000127,4,238000
TI0002369,T000791,P000043,5,387000
TI0002370,T000792,P000970,3,299000
TI0002371,T000792,P000088,2,380000
TI0002372,T000792,P000313,4,141000
TI0002373,T000792,P000216,5,227000
TI0002374,T000792,P000767,2,289000
TI0002375,T000793,P000189,5,327000
TI0002376,T000793,P000227,3,63000
TI0002377,T000794,P000118,5,346000
TI0002378,T000794,P000186,1,117000
TI0002379,T000795,P000473,1,321000
TI0002380,T000795,P000661,3,53000
TI0002381,T000795,P000563,1,391000
TI0002382,T000795,P000075,2,5000
TI0002383,T000795,P000298,5,65000
TI0002384,T000796,P000975,2,442000
TI0002385,T000796,P000339,1,44000
TI0002386,T000796,P000366,3,166000
TI0002387,T000796,P000132,5,385000
TI0002388,T000797,P000922,2,445000
TI0002389,T000798,P000498,5,288000
TI0002390,T000798,P000462,3,412000
TI0002391,T000798,P000337,5,215000
TI0002392,T000799,P000580,3,441000
TI0002393,T000799,P000581,3,202000
TI0002394,T000800,P000173,2,175000
TI0002395,T000800,P000005,4,14000
TI0002396,T000800,P000321,3,352000
TI0002397,T000800,P000253,3,356000
TI0002398,T000801,P000696,3,176000
TI0002399,T000801,P000751,4,458000
TI0002400,T000802,P000457,4,364000
TI0002401,T000802,P000368,5,408000
TI0002402,T000802,P000794,1,360000
TI0002403,T000802,P000313,2,141000
TI0002404,T000803,P000084,2,325000
TI0002405,T000803,P000862,5,73000
TI0002406,T000803,P000288,2,50000
TI0002407,T000803,P000880,3,328000
TI0002408,T000803,P000847,1,318000
TI0002409,T000804,P000914,1,217000
TI0002410,T000805,P000647,4,124000
TI0002411,T000805,P000032,5,58000
TI0002412,T000805,P000833,2,496000
TI0002413,T000805,P000596,1,219000
TI0002414,T000805,P000593,5,449000
TI0002415,T000806,P000557,4,61000
TI0002416,T000806,P000916,2,45000
TI0002417,T000806,P000553,3,480000
TI0002418,T000807,P000229,3,283000
TI0002419,T000807,P000913,2,498000
TI0002420,T000807,P000791,4,45000
TI0002421,T000807,P000604,5,473000
TI0002422,T000808,P000093,2,128000
TI0002423,T000808,P000407,5,121000
TI0002424,T000808,P000373,2,231000
TI0002425,T000808,P000515,5,76000
TI0002426,T000808,P000011,2,64000
TI0002427,T000809,P000164,5,175000
TI0002428,T000809,P000184,2,379000
TI0002429,T000809,P000580,4,441000
TI0002430,T000809,P000972,3,196000
TI0002431,T000810,P000225,4,321000
TI0002432,T000811,P000065,3,297000
TI0002433,T000811,P000271,2,463000
TI0002434,T000812,P000685,2,19000
TI0002435,T000813,P000930,4,154000
TI0002436,T000813,P000811,1,45000
TI0002437,T000813,P000370,1,20000
TI0002438,T000813,P000398,3,463000
TI0002439,T000813,P000481,1,208000
TI0002440,T000814,P000649,3,382000
TI0002441,T000814,P000850,5,103000
TI0002442,T000814,P000281,5,64000
TI0002443,T000814,P000855,5,459000
TI0002444,T000814,P000760,2,245000
TI0002445,T000815,P000670,1,316000
TI0002446,T000815,P000388,5,217000
TI0002447,T000815,P000375,3,231000
TI0002448,T000815,P000602,4,286000
TI0002449,T000816,P000529,3,420000
TI0002450,T000816,P000416,3,429000
TI0002451,T000817,P000812,1,103000
TI0002452,T000817,P000494,5,145000
TI0002453,T000817,P000909,2,352000
TI0002454,T000817,P000619,4,292000
TI0002455,T000818,P000236,5,421000
TI0002456,T000818,P000079,3,314000
TI0002457,T000819,P000154,2,103000
TI0002458,T000819,P000192,3,421000
TI0002459,T000820,P000735,4,402000
TI0002460,T000820,P000837,3,63000
TI0002461,T000820,P000122,1,13000
TI0002462,T000820,P000677,4,144000
TI0002463,T000820,P000236,4,421000
TI0002464,T000821,P000216,4,227000
TI0002465,T000821,P000605,1,371000
TI0002466,T000821,P000166,2,223000
TI0002467,T000821,P000663,1,7000
TI0002468,T000822,P000588,2,18000
TI0002469,T000822,P000607,2,97000
TI0002470,T000823,P000041,2,338000
TI0002471,T000823,P000913,3,498000
TI0002472,T000823,P000587,2,124000
TI0002473,T000823,P000151,5,428000
TI0002474,T000823,P000058,4,448000
TI0002475,T000824,P000993,3,131000
TI0002476,T000824,P000578,1,446000
TI0002477,T000824,P000653,2,183000
TI0002478,T000824,P000020,4,113000
TI0002479,T000824,P000900,5,42000
TI0002480,T000825,P000889,4,375000
TI0002481,T000825,P000494,5,145000
TI0002482,T000825,P000175,2,369000
TI0002483,T000825,P000225,5,321000
TI0002484,T000826,P000639,5,244000
TI0002485,T000826,P000676,3,252000
TI0002486,T000827,P000742,3,296000
TI0002487,T000827,P000703,4,95000
TI0002488,T000828,P000605,2,371000
TI0002489,T000828,P000071,1,42000
TI0002490,T000828,P000236,1,421000
TI0002491,T000828,P000388,2,217000
TI0002492,T000828,P000395,5,23000
TI0002493,T000829,P000701,1,283000
TI0002494,T000829,P000430,2,162000
TI0002495,T000829,P000847,4,318000
TI0002496,T000829,P000154,5,103000
TI0002497,T000829,P000621,5,495000
TI0002498,T000830,P000899,5,14000
TI0002499,T000831,P000771,2,386000
TI0002500,T000831,P000121,5,345000
TI0002501,T000831,P000096,5,92000
TI0002502,T000831,P000494,1,145000
TI0002503,T000831,P000676,4,252000
TI0002504,T000832,P000431,5,243000
TI0002505,T000832,P000380,4,332000
TI0002506,T000832,P000896,2,431000
TI0002507,T000832,P000045,4,232000
TI0002508,T000832,P000715,4,356000
TI0002509,T000833,P000604,5,473000
TI0002510,T000833,P000824,1,494000
TI0002511,T000833,P000760,4,245000
TI0002512,T000834,P000261,2,280000
TI0002513,T000834,P000489,1,493000
TI0002514,T000835,P000613,4,185000
TI0002515,T000835,P000898,3,321000
TI0002516,T000835,P000557,2,61000
TI0002517,T000836,P000727,1,262000
TI0002518,T000837,P000536,2,368000
TI0002519,T000837,P000121,3,345000
TI0002520,T000837,P000533,4,71000
TI0002521,T000837,P000008,3,143000
TI0002522,T000837,P000385,1,363000
TI0002523,T000838,P000437,5,309000
TI0002524,T000838,P000668,3,154000
TI0002525,T000839,P000876,5,17000
TI0002526,T000839,P000549,3,405000
TI0002527,T000839,P000434,5,381000
TI0002528,T000840,P000697,2,179000
TI0002529,T000840,P000407,4,121000
TI0002530,T000840,P000774,5,308000
TI0002531,T000841,P000495,4,241000
TI0002532,T000841,P000184,3,379000
TI0002533,T000841,P000380,3,332000
TI0002534,T000841,P000573,5,382000
TI0002535,T000841,P000569,3,461000
TI0002536,T000842,P000754,1,353000
TI0002537,T000842,P000142,2,460000
TI0002538,T000842,P000876,4,17000
TI0002539,T000842,P000885,2,52000
TI0002540,T000843,P000220,5,148000
TI0002541,T000844,P000805,5,284000
TI0002542,T000844,P000347,1,393000
TI0002543,T000844,P000821,2,235000
TI0002544,T000844,P000564,4,229000
TI0002545,T000845,P000824,1,494000
TI0002546,T000846,P000483,5,105000
TI0002547,T000846,P000949,4,217000
TI0002548,T000847,P000066,3,30000
TI0002549,T000848,P000380,5,332000
TI0002550,T000848,P000082,1,381000
TI0002551,T000849,P000954,5,56000
TI0002552,T000849,P000411,3,316000
TI0002553,T000849,P000629,5,468000
TI0002554,T000849,P000672,1,195000
TI0002555,T000850,P000656,4,79000
TI0002556,T000850,P000507,1,316000
TI0002557,T000851,P000871,5,375000
TI0002558,T000851,P000673,3,418000
TI0002559,T000852,P000035,5,260000
TI0002560,T000852,P000803,5,440000
TI0002561,T000853,P000716,1,306000
TI0002562,T000853,P000238,3,276000
TI0002563,T000853,P000630,2,273000
TI0002564,T000853,P000174,1,6000
TI0002565,T000853,P000691,2,286000
TI0002566,T000854,P000283,4,56000
TI0002567,T000855,P000686,5,469000
TI0002568,T000855,P000405,2,47000
TI0002569,T000855,P000416,5,429000
TI0002570,T000856,P000755,1,448000
TI0002571,T000857,P000563,3,391000
TI0002572,T000858,P000937,3,17000
TI0002573,T000858,P000597,2,483000
TI0002574,T000858,P000357,5,206000
TI0002575,T000858,P000356,2,224000
TI0002576,T000858,P000987,4,234000
TI0002577,T000859,P000589,4,126000
TI0002578,T000859,P000005,5,14000
TI0002579,T000859,P000268,1,427000
TI0002580,T000859,P000180,5,177000
TI0002581,T000860,P000516,3,486000
TI0002582,T000861,P000970,5,299000
TI0002583,T000861,P000120,3,325000
TI0002584,T000861,P000823,5,304000
TI0002585,T000862,P000257,5,41000
TI0002586,T000862,P000711,4,59000
TI0002587,T000862,P000454,2,147000
TI0002588,T000862,P000990,3,117000
TI0002589,T000862,P000387,4,468000
TI0002590,T000863,P000919,4,401000
TI0002591,T000863,P000601,1,469000
TI0002592,T000863,P000883,3,225000
TI0002593,T000863,P000029,1,198000
TI0002594,T000864,P000649,2,382000
TI0002595,T000864,P000808,3,258000
TI0002596,T000864,P000226,4,282000
TI0002597,T000864,P000694,3,248000
TI0002598,T000865,P000549,2,405000
TI0002599,T000865,P000010,3,310000
TI0002600,T000865,P000718,1,477000
TI0002601,T000865,P000853,4,258000
TI0002602,T000865,P000270,3,348000
TI0002603,T000866,P000568,2,106000
TI0002604,T000867,P000322,5,48000
TI0002605,T000867,P000363,3,390000
TI0002606,T000867,P000224,2,97000
TI0002607,T000867,P000916,2,45000
TI0002608,T000868,P000755,2,448000
TI0002609,T000868,P000205,3,302000
TI0002610,T000868,P000241,2,120000
TI0002611,T000868,P000754,2,353000
TI0002612,T000869,P000855,5,459000
TI0002613,T000869,P000256,3,290000
TI0002614,T000870,P000798,1,135000
TI0002615,T000870,P000110,1,36000
TI0002616,T000871,P000629,5,468000
TI0002617,T000871,P000007,1,415000
TI0002618,T000871,P000783,4,111000
TI0002619,T000871,P000878,3,73000
TI0002620,T000872,P000323,5,285000
TI0002621,T000872,P000505,3,234000
TI0002622,T000872,P000920,4,76000
TI0002623,T000872,P000903,2,190000
TI0002624,T000872,P000919,5,401000
TI0002625,T000873,P000408,5,15000
TI0002626,T000873,P000228,2,364000
TI0002627,T000873,P000769,1,471000
TI0002628,T000874,P000819,1,493000
TI0002629,T000874,P000434,5,381000
TI0002630,T000874,P000490,3,98000
TI0002631,T000874,P000963,4,260000
TI0002632,T000874,P000554,2,121000
TI0002633,T000875,P001000,4,359000
TI0002634,T000875,P000124,3,295000
TI0002635,T000875,P000716,1,306000
TI0002636,T000875,P000531,1,336000
TI0002637,T000876,P000389,1,159000
TI0002638,T000876,P000595,3,451000
TI0002639,T000877,P000628,2,31000
TI0002640,T000877,P000883,5,225000
TI0002641,T000877,P000266,3,203000
TI0002642,T000878,P000276,5,468000
TI0002643,T000878,P000483,3,105000
TI0002644,T000879,P000189,2,327000
TI0002645,T000879,P000511,4,408000
TI0002646,T000879,P000435,3,255000
TI0002647,T000880,P000875,4,374000
TI0002648,T000880,P000411,2,316000
TI0002649,T000880,P000287,5,485000
TI0002650,T000881,P000590,2,120000
TI0002651,T000881,P000703,1,95000
TI0002652,T000882,P000824,4,494000
TI0002653,T000882,P000242,4,362000
TI0002654,T000882,P000569,2,461000
TI0002655,T000883,P000820,2,23000
TI0002656,T000883,P000983,4,98000
TI0002657,T000884,P000181,4,360000
TI0002658,T000885,P000138,5,239000
TI0002659,T000885,P000915,5,76000
TI0002660,T000885,P000870,3,173000
TI0002661,T000885,P000646,4,476000
TI0002662,T000886,P000257,5,41000
TI0002663,T000886,P000576,1,210000
TI0002664,T000886,P000880,4,328000
TI0002665,T000887,P000708,2,101000
TI0002666,T000888,P000221,3,233000
TI0002667,T000889,P000860,3,122000
TI0002668,T000889,P000645,3,493000
TI0002669,T000889,P000099,3,440000
TI0002670,T000889,P000461,3,185000
TI0002671,T000890,P000571,1,30000
TI0002672,T000890,P000955,4,328000
TI0002673,T000890,P000830,1,158000
TI0002674,T000890,P000264,3,55000
TI0002675,T000890,P000353,5,294000
TI0002676,T000891,P000591,5,258000
TI0002677,T000891,P000590,2,120000
TI0002678,T000892,P000364,5,253000
TI0002679,T000892,P000333,4,140000
TI0002680,T000892,P000690,4,51000
TI0002681,T000893,P000391,5,152000
TI0002682,T000894,P000475,2,79000
TI0002683,T000894,P000647,2,124000
TI0002684,T000894,P000980,3,325000
TI0002685,T000895,P000647,1,124000
TI0002686,T000895,P000628,1,31000
TI0002687,T000895,P000586,2,415000
TI0002688,T000895,P000415,3,407000
TI0002689,T000896,P000322,3,48000
TI0002690,T000896,P000325,3,448000
TI0002691,T000897,P000661,3,53000
TI0002692,T000897,P000405,5,47000
TI0002693,T000897,P000278,5,494000
TI0002694,T000897,P000909,4,352000
TI0002695,T000897,P000456,4,45000
TI0002696,T000898,P000189,1,327000
TI0002697,T000898,P000875,2,374000
TI0002698,T000899,P000678,1,103000
TI0002699,T000899,P000258,2,124000
TI0002700,T000900,P000407,1,121000
TI0002701,T000900,P000106,1,374000
TI0002702,T000901,P000562,4,468000
TI0002703,T000901,P000056,5,99000
TI0002704,T000901,P000027,1,253000
TI0002705,T000901,P000790,1,358000
TI0002706,T000902,P000633,4,471000
TI0002707,T000902,P000160,3,304000
TI0002708,T000902,P000087,2,395000
TI0002709,T000903,P000756,4,129000
TI0002710,T000903,P000291,2,51000
TI0002711,T000904,P000540,2,31000
TI0002712,T000904,P000859,1,434000
TI0002713,T000905,P000680,3,225000
TI0002714,T000906,P000885,5,52000
TI0002715,T000906,P000488,3,149000
TI0002716,T000906,P000479,5,16000
TI0002717,T000907,P000139,5,200000
TI0002718,T000907,P000993,2,131000
TI0002719,T000907,P000972,5,196000
TI0002720,T000907,P000715,5,356000
TI0002721,T000908,P000647,5,124000
TI0002722,T000908,P000767,4,289000
TI0002723,T000908,P000652,5,325000
TI0002724,T000908,P000899,5,14000
TI0002725,T000909,P000931,5,374000
TI0002726,T000909,P000356,2,224000
TI0002727,T000909,P000494,1,145000
TI0002728,T000910,P000316,2,51000
TI0002729,T000910,P000375,3,231000
TI0002730,T000910,P000423,1,326000
TI0002731,T000910,P000267,1,399000
TI0002732,T000911,P000835,3,488000
TI0002733,T000911,P000777,4,331000
TI0002734,T000911,P000869,5,192000
TI0002735,T000911,P000140,1,245000
TI0002736,T000911,P000353,4,294000
TI0002737,T000912,P000307,3,263000
TI0002738,T000912,P000010,5,310000
TI0002739,T000912,P000785,2,360000
TI0002740,T000912,P000441,1,373000
TI0002741,T000913,P000383,4,42000
TI0002742,T000913,P000194,4,416000
TI0002743,T000913,P000422,2,284000
TI0002744,T000913,P000904,2,226000
TI0002745,T000913,P000575,4,479000
TI0002746,T000914,P000226,2,282000
TI0002747,T000914,P000270,5,348000
TI0002748,T000914,P000082,5,381000
TI0002749,T000914,P000433,3,140000
TI0002750,T000915,P000665,3,87000
TI0002751,T000915,P000761,4,266000
TI0002752,T000915,P000545,2,146000
TI0002753,T000916,P000187,2,363000
TI0002754,T000917,P000114,5,482000
TI0002755,T000917,P000653,4,183000
TI0002756,T000917,P000467,3,450000
TI0002757,T000918,P000504,1,20000
TI0002758,T000918,P000193,5,296000
TI0002759,T000918,P000329,1,59000
TI0002760,T000918,P000020,2,113000
TI0002761,T000918,P000156,1,239000
TI0002762,T000919,P000276,4,468000
TI0002763,T000919,P000129,1,287000
TI0002764,T000919,P000733,2,108000
TI0002765,T000920,P000155,1,65000
TI0002766,T000921,P000223,4,446000
TI0002767,T000921,P000351,3,442000
TI0002768,T000921,P000431,4,243000
TI0002769,T000921,P000320,1,161000
TI0002770,T000922,P000083,2,310000
TI0002771,T000922,P000864,1,29000
TI0002772,T000922,P000769,3,471000
TI0002773,T000923,P000074,2,331000
TI0002774,T000923,P000557,3,61000
TI0002775,T000923,P000482,4,81000
TI0002776,T000923,P000186,1,117000
TI0002777,T000924,P000998,2,5000
TI0002778,T000925,P000790,1,358000
TI0002779,T000925,P000999,2,340000
TI0002780,T000925,P000454,4,147000
TI0002781,T000925,P000254,1,408000
TI0002782,T000926,P000682,3,130000
TI0002783,T000926,P000214,3,392000
TI0002784,T000926,P000485,2,67000
TI0002785,T000926,P000399,1,226000
TI0002786,T000926,P000698,5,164000
TI0002787,T000927,P000126,2,399000
TI0002788,T000927,P000260,3,342000
TI0002789,T000927,P000493,1,111000
TI0002790,T000927,P000654,2,349000
TI0002791,T000927,P000306,1,382000
TI0002792,T000928,P000649,3,382000
TI0002793,T000928,P000445,1,401000
TI0002794,T000929,P000814,5,396000
TI0002795,T000929,P000283,1,56000
TI0002796,T000930,P000809,1,412000
TI0002797,T000930,P000249,5,195000
TI0002798,T000930,P000010,4,310000
TI0002799,T000930,P000993,5,131000
TI0002800,T000931,P000381,1,286000
TI0002801,T000931,P000790,2,358000
TI0002802,T000932,P000512,5,243000
TI0002803,T000932,P000094,3,453000
TI0002804,T000933,P000062,3,195000
TI0002805,T000934,P000719,1,148000
TI0002806,T000934,P000550,2,90000
TI0002807,T000935,P000239,3,391000
TI0002808,T000935,P000325,4,448000
TI0002809,T000935,P000572,2,371000
TI0002810,T000935,P000808,1,258000
TI0002811,T000936,P000367,1,35000
TI0002812,T000936,P000742,4,296000
TI0002813,T000936,P000138,4,239000
TI0002814,T000936,P000257,5,41000
TI0002815,T000937,P000556,2,335000
TI0002816,T000937,P000714,5,123000
TI0002817,T000937,P000502,2,286000
TI0002818,T000938,P000357,5,206000
TI0002819,T000938,P000332,5,425000
TI0002820,T000938,P000750,2,296000
TI0002821,T000938,P000480,1,329000
TI0002822,T000938,P000282,5,135000
TI0002823,T000939,P000461,3,185000
TI0002824,T000939,P000303,5,68000
TI0002825,T000940,P000465,5,498000
TI0002826,T000940,P000001,4,328000
TI0002827,T000940,P000795,2,268000
TI0002828,T000941,P000635,3,137000
TI0002829,T000942,P000245,5,52000
TI0002830,T000942,P000329,4,59000
TI0002831,T000942,P000739,2,471000
TI0002832,T000942,P000065,5,297000
TI0002833,T000942,P000675,4,91000
TI0002834,T000943,P000158,3,56000
TI0002835,T000943,P000628,1,31000
TI0002836,T000943,P000290,1,381000
TI0002837,T000943,P000331,5,330000
TI0002838,T000943,P000420,1,343000
TI0002839,T000944,P000856,2,184000
TI0002840,T000945,P000895,2,50000
TI0002841,T000945,P000033,1,2000
TI0002842,T000946,P000197,4,231000
TI0002843,T000946,P000102,4,443000
TI0002844,T000946,P000033,5,2000
TI0002845,T000946,P000585,5,80000
TI0002846,T000947,P000263,1,234000
TI0002847,T000947,P000051,1,296000
TI0002848,T000947,P000376,2,331000
TI0002849,T000947,P000227,4,63000
TI0002850,T000947,P000621,1,495000
TI0002851,T000948,P000821,5,235000
TI0002852,T000948,P000655,4,152000
TI0002853,T000948,P000063,3,147000
TI0002854,T000948,P000370,1,20000
TI0002855,T000949,P000273,3,375000
TI0002856,T000949,P000542,1,452000
TI0002857,T000949,P000042,2,271000
TI0002858,T000949,P000752,5,321000
TI0002859,T000949,P000073,1,123000
TI0002860,T000950,P000743,2,193000
TI0002861,T000951,P000395,2,23000
TI0002862,T000951,P000195,5,61000
TI0002863,T000951,P000198,2,157000
TI0002864,T000951,P000539,5,388000
TI0002865,T000951,P000673,5,418000
TI0002866,T000952,P000765,5,452000
TI0002867,T000952,P000109,3,474000
TI0002868,T000952,P000785,4,360000
TI0002869,T000952,P000654,4,349000
TI0002870,T000953,P000171,2,195000
TI0002871,T000954,P000412,5,111000
TI0002872,T000954,P000517,5,226000
TI0002873,T000954,P000346,4,29000
TI0002874,T000954,P000674,3,165000
TI0002875,T000954,P000162,3,401000
TI0002876,T000955,P000333,4,140000
TI0002877,T000955,P000866,3,104000
TI0002878,T000955,P000381,5,286000
TI0002879,T000955,P000423,2,326000
TI0002880,T000955,P000783,5,111000
TI0002881,T000956,P000220,3,148000
TI0002882,T000956,P000385,3,363000
TI0002883,T000956,P000785,4,360000
TI0002884,T000956,P000564,4,229000
TI0002885,T000956,P000949,4,217000
TI0002886,T000957,P000744,1,207000
TI0002887,T000958,P000611,2,283000
TI0002888,T000958,P000017,3,137000
TI0002889,T000958,P000531,1,336000
TI0002890,T000959,P000228,3,364000
TI0002891,T000959,P000220,1,148000
TI0002892,T000959,P000877,3,114000
TI0002893,T000960,P000524,2,248000
TI0002894,T000960,P000570,1,68000
TI0002895,T000960,P000585,1,80000
TI0002896,T000960,P000949,4,217000
TI0002897,T000960,P000586,3,415000
TI0002898,T000961,P000142,3,460000
TI0002899,T000961,P000272,5,404000
TI0002900,T000962,P000239,3,391000
TI0002901,T000962,P000263,1,234000
TI0002902,T000963,P000410,1,470000
TI0002903,T000963,P000583,3,369000
TI0002904,T000963,P000940,4,251000
TI0002905,T000963,P000223,2,446000
TI0002906,T000963,P000752,4,321000
TI0002907,T000964,P000840,3,133000
TI0002908,T000964,P000930,1,154000
TI0002909,T000964,P000098,5,404000
TI0002910,T000964,P000610,4,357000
TI0002911,T000964,P000658,1,483000
TI0002912,T000965,P000944,3,439000
TI0002913,T000966,P000901,4,242000
TI0002914,T000966,P000837,1,63000
TI0002915,T000966,P000445,2,401000
TI0002916,T000967,P000951,4,423000
TI0002917,T000967,P000012,1,425000
TI0002918,T000967,P000650,3,119000
TI0002919,T000967,P000797,5,172000
TI0002920,T000967,P000648,1,170000
TI0002921,T000968,P000553,3,480000
TI0002922,T000968,P000579,5,494000
TI0002923,T000968,P000154,2,103000
TI0002924,T000969,P000052,4,98000
TI0002925,T000969,P000690,4,51000
TI0002926,T000970,P000590,3,120000
TI0002927,T000970,P000517,4,226000
TI0002928,T000970,P000093,2,128000
TI0002929,T000970,P000228,2,364000
TI0002930,T000970,P000443,3,208000
TI0002931,T000971,P000488,5,149000
TI0002932,T000972,P000562,4,468000
TI0002933,T000973,P000088,4,380000
TI0002934,T000973,P000409,2,406000
TI0002935,T000973,P000514,2,88000
TI0002936,T000974,P000573,5,382000
TI0002937,T000974,P000203,2,17000
TI0002938,T000974,P000500,5,144000
TI0002939,T000974,P000405,5,47000
TI0002940,T000975,P000253,4,356000
TI0002941,T000975,P000249,3,195000
TI0002942,T000975,P000074,5,331000
TI0002943,T000975,P000273,1,375000
TI0002944,T000975,P000796,1,65000
TI0002945,T000976,P000434,3,381000
TI0002946,T000976,P000375,3,231000
TI0002947,T000976,P000357,5,206000
TI0002948,T000976,P000196,1,405000
TI0002949,T000977,P000174,4,6000
TI0002950,T000977,P000359,5,40000
TI0002951,T000977,P000632,2,9000
TI0002952,T000978,P000046,2,174000
TI0002953,T000978,P000947,3,332000
TI0002954,T000978,P000838,2,102000
TI0002955,T000978,P000240,1,446000
TI0002956,T000979,P000758,1,372000
TI0002957,T000980,P000972,2,196000
TI0002958,T000980,P000636,3,236000
TI0002959,T000981,P000352,1,236000
TI0002960,T000982,P000461,3,185000
TI0002961,T000982,P000483,2,105000
TI0002962,T000982,P000024,5,74000
TI0002963,T000983,P000209,5,225000
TI0002964,T000983,P000560,3,113000
TI0002965,T000984,P000495,1,241000
TI0002966,T000984,P000638,4,48000
TI0002967,T000984,P000748,5,204000
TI0002968,T000984,P000145,5,471000
TI0002969,T000984,P000712,1,89000
TI0002970,T000985,P000175,2,369000
TI0002971,T000985,P000062,5,195000
TI0002972,T000985,P000291,3,51000
TI0002973,T000986,P000477,1,24000
TI0002974,T000987,P000398,3,463000
TI0002975,T000988,P000886,3,116000
TI0002976,T000988,P000111,4,340000
TI0002977,T000988,P000020,2,113000
TI0002978,T000989,P000521,3,270000
TI0002979,T000989,P000727,4,262000
TI0002980,T000989,P000102,5,443000
TI0002981,T000989,P000926,5,20000
TI0002982,T000990,P000191,2,95000
TI0002983,T000991,P000990,1,117000
TI0002984,T000991,P000469,1,426000
TI0002985,T000991,P000575,2,479000
TI0002986,T000991,P000949,5,217000
TI0002987,T000991,P000730,3,218000
TI0002988,T000992,P000502,2,286000
TI0002989,T000992,P000403,1,436000
TI0002990,T000992,P000763,3,245000
TI0002991,T000993,P000364,2,253000
TI0002992,T000993,P000641,5,290000
TI0002993,T000993,P000310,3,246000
TI0002994,T000994,P000641,3,290000
TI0002995,T000995,P000912,5,76000
TI0002996,T000995,P000835,3,488000
TI0002997,T000995,P000031,2,350000
TI0002998,T000995,P000967,2,182000
TI0002999,T000996,P000919,2,401000
TI0003000,T000996,P000403,1,436000
TI0003001,T000996,P000673,4,418000
TI0003002,T000997,P000984,2,116000
TI0003003,T000997,P000695,4,60000
TI0003004,T000997,P000628,2,31000
TI0003005,T000997,P000894,5,136000
TI0003006,T000997,P000641,2,290000
TI0003007,T000998,P000994,3,25000
TI0003008,T000998,P000320,4,161000
TI0003009,T000998,P000932,5,97000
TI0003010,T000998,P000620,2,484000
TI0003011,T000999,P000669,5,484000
TI0003012,T000999,P000142,5,460000
TI0003013,T001000,P000884,3,253000
TI0003014,T001000,P000142,5,460000
